Name,Text,TextJa
^action( action )^,"^^action( action )^^\nThis code performs any action, or list of actions, that could be performed by an agent or rule. For simplicity, consider it as if it were a rule that is only run when a note is exported using the template holding the ^^action()^^ code.\nThe action code in the action parameter is performed immediately. ^^action()^^ does not export anything itself. For example, to make a note with $Color of 'blue' change to 'red' if exported:\n	^^action($Color=""red"")^^ \nwill change the colour of the exported note to red. Note that the change of $Color made by the code above is permanent, i.e. it is now 'red' until changed otherwise.\nHowever, this operator allows manipulations for export use without needing, for instance, to hold the value in a user attribute first. Since action code added variables, a common use of ^^action()^^ if to read an attribute  value and store a changed value in a variable that is then used in the exported 'text' of the output page.\nAlso see, action(), ^^value( expression )^^.\nThe internal equivalent is a normal action/rule statement, i.e. where is no point in using ^^action^^ internally. However, if you want some logic during export to change an internal attribute value (e.g. exported notes having a new colour), then use ^^action^^ in the context of your export codes.\nIMPORTANT: if using ^^action()^^ in the text of an exporting note (i.e. in $Text), remove all line breaks in the enclosed action code. Otherwise a mis-evaluation will occur as each code line will be treated as an HTML paragraph enclosed in &lt;p>&lt;/p> tags.",アクションコードを実行します。このタグ自体は何も書き出しませんが、書き出し中にノートの属性（$Colorなど）を永続的に変更したり、変数を操作したりするのに使用します。
"^ancestors( [start, list-item-prefix, list-item-suffix, end ])^","^^ancestors([ ""start"", ""list-item-prefix"", ""list-item-suffix"", ""end""] )^^\nreturns links to all of the ancestors of this note (if any). Unlike the pre-v.4.6 format of links in a single line, with colons between the elements, this defaults to an HTML unordered list like other list-generating codes.\nIf the optional start, list-item-prefix, list-item-suffix, end arguments are omitted then the default values of &lt;ul&gt;, &lt;li&gt;, &lt;/li&gt;, &lt;/ul&gt; are used.\nThis allows you to format the group of links as an HTML list or table in the exact format you want, where ""start"" is quote-enclosed text that will be inserted before all of the links, ""end"" is text that will be inserted after all of the links, ""list-item-prefix"" is text that will be inserted before each link, and ""list-item-suffix"" is text that will be inserted after each link. See more on altering list type or other HTML output.\nIf ""Hierarchical lists"" in the HTML pane of the preferences is unchecked, this will not work.\nMark-up (export code) elements embedded in ^^ancestors^^ are evaluated.\nTo get the pre-v.4.6 format use:\n	^^ancestors("""","""","" : "","""")^^ \nExported links use the CSS class and target based on their underlying Tinderbox link values, if one is specified; the link type value is not picked up as a class name.\nAliases export as discrete notes (if the alias' container is set to ExportChildren) with content of the original but was any contextual hierarchical inks appropriate to the aliases' location. The ^^ancestors^^ for an alias also export as the ancestors of the alias, not the ancestors of the source note.\nAny ancestor set to $HTMLDontExport=true is skipped.\nItem objects source and destination may be used in expressions to indicate from where data used within the expression's arguments is drawn.\nThe export is relative to current rather than this, facilitating work with included files.\nFrom v11.0.0, the operator's list output omits notes that are not exported.","^^ancestors([ ""開始"", ""リスト項目プレフィックス"", ""リスト項目サフィックス"", ""終了""] )^^\nこのメモのすべての先祖 (存在する場合) へのリンクを返します。v.4.6 より前の、要素間にコロンが入った 1 行のリンク形式とは異なり、他のリスト生成コードと同様に、デフォルトで HTML の順序なしリストになります。\nオプションの start、list-item-prefix、list-item-suffix、end 引数が省略された場合、デフォルト値の &lt;ul&gt;、&lt;li&gt;、&lt;/li&gt;、&lt;/ul&gt; が使用されます。が使用されています。\nこれにより、リンクのグループを希望どおりの形式の HTML リストまたはテーブルとして書式設定できます。「start」はすべてのリンクの前に挿入される引用符で囲まれたテキスト、「end」はすべてのリンクの後に挿入されるテキスト、「list-item-prefix」は各リンクの前に挿入されるテキスト、「list-item-suffix」は各リンクの後に挿入されるテキストです。リスト タイプまたはその他の HTML 出力の変更の詳細を参照してください。\n環境設定の HTML ペインの「階層リスト」のチェックが外れている場合、これは機能しません。\n^^ancestors^^ に埋め込まれたマークアップ (エクスポート コード) 要素が評価されます。\nv.4.6 より前の形式を取得するには、次を使用します。\n^^祖先("""","""","" : "","""")^^\nエクスポートされたリンクは、基になる Tinderbox リンク値 (指定されている場合) に基づいて CSS クラスとターゲットを使用します。リンク タイプの値はクラス名として選択されません。\nエイリアスは、元のコンテンツを含む個別のノートとしてエクスポートされますが (エイリアスのコンテナが ExportChildren に設定されている場合)、エイリアスの場所に適切なコンテキスト階層インクでした。エイリアスの ^^ancestors^^ も、ソース ノートの先祖ではなく、エイリアスの先祖としてエクスポートされます。\n$HTMLDontExport=true に設定された祖先はスキップされます。\n項目オブジェクトのソースと宛先を式で使用して、式の引数内で使用されるデータがどこから抽出されるかを示すことができます。\nエクスポートはこれではなく現在に相対的なものであるため、含まれているファイルの作業が容易になります。\nv11.0.0 以降、オペレーターのリスト出力では、エクスポートされないメモが省略されます。"
^backslashEncode( data )^,^^backslashEncode( data )^^\nThe ^^backslashEncode^^ code has been added for the convenience of exporting to JSON and JavaScript. ^^backslashEncode^^ prefaces single and double quotation marks with a single backslash.,^^バックスラッシュエンコード(データ)^^\nJSON および JavaScript へのエクスポートを容易にするために、^^backslashEncode^^ コードが追加されました。^^backslashEncode^^ は、一重引用符と二重引用符の前に単一のバックスラッシュを付けます。
"^basicLinks( [start, list-item-prefix, list-item-suffix, end] )^","Note: this is deprecated in favour of ^^outboundLinks^^, though the behaviour is the same and this method still works, for legacy purposes.\n^^basicLinks( [""start"", ""list-item-prefix"", ""list-item-suffix"", ""end""] )^^\nreturns all of the basic links from this note, formatted as an unordered list. The logical counterpart of this code is ^^inboundLinks^^. This code does not include outbound text links on the presumption that these are already present in the output ^^text^^ of the note. There is no single code to list all outbound links.\nIf the optional start, list-item-prefix, list-item-suffix, end arguments are omitted then the default values of &lt;ul&gt;, &lt;li&gt;, &lt;/li&gt;, &lt;/ul&gt; are used.\nThis allows you to format the group of links as an HTML list or table in the exact format you want, where ""start"" is text that will be inserted before all of the links, ""end"" is text that will be inserted after all of the links, ""list-item-prefix"" is text that will be inserted before each link, and ""list-item-suffix"" is text that will be inserted after each link. See more on altering list type or other HTML output.\nExported links use the CSS class and target based on their underlying Tinderbox link values, if one is specified; the link type value is not picked up as a class name.\nMark-up elements embedded in ^^basicLinks^^ are evaluated.\nNote that unlike other link in/outbound link codes this code and ^^inboundLinks^^ do not offer an optional link type filter.\nItem objects source and destination may be used in expressions to indicate from where data used within the expression's arguments is drawn.\nOriginals and aliases export their own basic links (i.e. aliases can differ), but if an alias has no in/outbound basic links it will export those of the original.\nAlso see: ^^outboundBasicLinks^^, ^^outboundTextLinks^^ and ^^outboundWebLinks^^.\nThe export is relative to current rather than this, facilitating work with included files.\nFrom v11.0.0, the operator's list output omits notes that are not exported.","注: これは ^^outboundLinks^^ を優先して非推奨になりましたが、動作は同じであり、このメソッドは従来の目的で引き続き機能します。\n^^basicLinks( [""開始"", ""リスト項目プレフィックス"", ""リスト項目サフィックス"", ""終了""] )^^\nこのメモからのすべての基本リンクを、順序なしリストとしてフォーマットして返します。このコードの論理的な対応物は ^^inboundLinks^^ です。このコードには、ノートの出力 ^^text^^ にアウトバウンド テキスト リンクがすでに存在しているという前提で、アウトバウンド テキスト リンクは含まれていません。すべての送信リンクをリストする単一のコードはありません。\nオプションの start、list-item-prefix、list-item-suffix、end 引数が省略された場合、デフォルト値の &lt;ul&gt;、&lt;li&gt;、&lt;/li&gt;、&lt;/ul&gt; が使用されます。が使用されています。\nこれにより、リンクのグループを希望どおりの形式の HTML リストまたはテーブルとして書式設定できます。「start」はすべてのリンクの前に挿入されるテキスト、「end」はすべてのリンクの後に挿入されるテキスト、「list-item-prefix」は各リンクの前に挿入されるテキスト、「list-item-suffix」は各リンクの後に挿入されるテキストです。リスト タイプまたはその他の HTML 出力の変更の詳細を参照してください。\nエクスポートされたリンクは、基になる Tinderbox リンク値 (指定されている場合) に基づいて CSS クラスとターゲットを使用します。リンク タイプの値はクラス名として選択されません。\n^^basicLinks^^ に埋め込まれたマークアップ要素が評価されます。\n他のリンクイン/アウトバウンドリンクコードとは異なり、このコードと ^^inboundLinks^^ はオプションのリンクタイプフィルターを提供しないことに注意してください。\n項目オブジェクトのソースと宛先を式で使用して、式の引数内で使用されるデータがどこから抽出されるかを示すことができます。\nオリジナルとエイリアスは独自の基本リンクをエクスポートします (つまり、エイリアスは異なる場合があります) が、エイリアスにイン/アウトバウンド基本リンクがない場合は、オリジナルの基本リンクがエクスポートされます。\n^^outboundBasicLinks^^、^^outboundTextLinks^^、および ^^outboundWebLinks^^ も参照してください。\nエクスポートはこれではなく現在に相対的なものであるため、含まれているファイルの作業が容易になります。\nv11.0.0 以降、オペレーターのリスト出力では、エクスポートされないメモが省略されます。"
"^childLinks( [start, list-item-prefix, list-item-suffix, end] )^","^^childLinks( [""start"", ""list-item-prefix"", ""list-item-suffix"", ""end""] )^^\nreturns links to all of the children of this note (if any), formatted as an unordered list. NB! If ""Hierarchical lists"" in the HTML pane of the preferences is unchecked, this will not work.\nIf the optional start, list-item-prefix, list-item-suffix, end arguments are omitted then the default values of &lt;ul&gt;, &lt;li&gt;, &lt;/li&gt;, &lt;/ul&gt; are used.\nThis allows you to format the group of links as an HTML list or table in the exact format you want, where ""start"" is text that will be inserted before all of the links, ""end"" is text that will be inserted after all of the links, ""list-item-prefix"" is text that will be inserted before each link, and ""list-item-suffix"" is text that will be inserted after each link. See more on altering list type or other HTML output.\nMark-up elements embedded in ^^childLinks^^ are evaluated.\nIf ""Hierarchical lists"" in the HTML pane of the preferences is unchecked, this will not work.\nThe HTMLDontExport settings of children are respected.\nUsually, rules and queries to test whether a note has children will test ChildCount. But ^^if(^^childLinks^^)… is better if you want the expression to be false if the note has children BUT none of the children are exported.\nExported links use the CSS class and target based on their underlying Tinderbox link values, if one is specified; the link type value is not picked up as a class name.\nItem objects source and destination may be used in expressions to indicate from where data used within the expression's arguments is drawn.\nIf ^childLinks^ appears in a note (or its template) which does not export its own children, it instead creates links to the original of each child.\nThe export is relative to current rather than this, facilitating work with included files.\nFrom v11.0.0, the operator's list output omits notes that are not exported.","^^childLinks( [""開始"", ""リスト項目プレフィックス"", ""リスト項目サフィックス"", ""終了""] )^^\nこのメモのすべての子 (存在する場合) へのリンクを、順序なしリストとしてフォーマットして返します。注意！環境設定の HTML ペインの「階層リスト」のチェックが外れている場合、これは機能しません。\nオプションの start、list-item-prefix、list-item-suffix、end 引数が省略された場合、デフォルト値の &lt;ul&gt;、&lt;li&gt;、&lt;/li&gt;、&lt;/ul&gt; が使用されます。が使用されています。\nこれにより、リンクのグループを希望どおりの形式の HTML リストまたはテーブルとして書式設定できます。「start」はすべてのリンクの前に挿入されるテキスト、「end」はすべてのリンクの後に挿入されるテキスト、「list-item-prefix」は各リンクの前に挿入されるテキスト、「list-item-suffix」は各リンクの後に挿入されるテキストです。リスト タイプまたはその他の HTML 出力の変更の詳細を参照してください。\n^^childLinks^^ に埋め込まれたマークアップ要素が評価されます。\n環境設定の HTML ペインの「階層リスト」のチェックが外れている場合、これは機能しません。\n子の HTMLDontExport 設定が尊重されます。\n通常、ノートに子があるかどうかをテストするルールとクエリは ChildCount をテストします。ただし、メモに子があるが、子がエクスポートされない場合に式を false にしたい場合は、^^if(^^childLinks^^)… の方が適しています。\nエクスポートされたリンクは、基になる Tinderbox リンク値 (指定されている場合) に基づいて CSS クラスとターゲットを使用します。リンク タイプの値はクラス名として選択されません。\n項目オブジェクトのソースと宛先を式で使用して、式の引数内で使用されるデータがどこから抽出されるかを示すことができます。\n^childLinks^ が、自身の子をエクスポートしないノート (またはそのテンプレート) に表示される場合、代わりに各子のオリジナルへのリンクが作成されます。\nエクスポートはこれではなく現在に相対的なものであるため、含まれているファイルの作業が容易になります。\nv11.0.0 以降、オペレーターのリスト出力では、エクスポートされないメモが省略されます。"
"^children( [template][,N] )^","^^children^^\nTells Tinderbox to include the immediate children of the current note (or agent) in the current web page using their default template file.\n^^children( template )^^\nTells Tinderbox to include the descendants of the current note (or agent) in the current Web page using the specified template file.\n^^children( template,N )^^\nTells Tinderbox to include only the first N immediate children of the current note (or agent) with the specified template file. If N is used without a template, a comma must be placed before N. \nThis replaces the deprecated ^^justChildren( template )^^. The original ^^children^^ code was replaced by ^^descendants^^.\n^^children^^ evaluates its template argument, allowing agents and containers to use expressions like\n	^^children(^^value($MyTemplate)^^)^^ \nThe HTMLDontExport settings of children are respected.\nIMPORTANT: If you build templates where the exported (HTML) documents where one document includes content from child/other Tinderbox notes, links to the included content from other documents will not get created. Tinderbox is not able to convert those links to #in-page-addresses within the overall target document. The same limitation applies to ^^include()^^.",現在のノートの直下の子ノートを、指定したテンプレートで書き出します。
"^cloud( item, count] )^","^^cloud( [item, count] )^^\nThis provides an HTML interface to the information displayed in the Get Info dialog's words tab. It displays the 100 most common words in the note, omitting stop words (there may be fewer words if there are fewer valid words in scope). The words are wrapped in  tags to permit the most common words to be displayed in a larger font; the tags used may be customised through the new attributes HTMLCloud1Start/End, HTMLCloud2Start/End, etc.\n^^cloud^^ takes two optional arguments:\n* item. This refers to a specific note by name, path, or by an item object keyword such as parent. If document is used or item is omitted, the scope is the whole whole document. \n* count. This specifies the maximum number of common words to be displayed.\nExamples:\n	^^cloud^^ \n	^^cloud(this,25)^^ \n	^^cloud(/this/that/other/note)^^ \n	^^cloud(Interesting Note, 75)^^ \nSee also ^^sectionCloud^^, ^^documentCloud^^","^^cloud( [アイテム, 数] )^^\nこれにより、「情報を見る」ダイアログの「単語」タブに表示される情報への HTML インターフェイスが提供されます。メモ内の最も一般的な 100 個の単語が表示され、ストップ ワードは省略されます (範囲内の有効な単語が少ない場合は、単語の数が少なくなる可能性があります)。最も一般的な単語を大きなフォントで表示できるように、単語はタグで囲まれています。使用されるタグは、新しい属性 HTMLCloud1Start/End、HTMLCloud2Start/End などを使用してカスタマイズできます。\n^^cloud^^ は 2 つのオプションの引数を取ります。\n*項目。これは、名前、パス、または親などの項目オブジェクトのキーワードによって特定のメモを参照します。document を使用するか項目を省略した場合、スコープはドキュメント全体になります。\n* 数えます。表示する一般的な単語の最大数を指定します。\n例:\n^^雲^^\n^^雲(これ、25)^^\n^^クラウド(/これ/あれ/その他/メモ)^^\n^^クラウド(興味深いメモ、75)^^\n^^sectionCloud^^、^^documentCloud^^ も参照してください。"
^comment( data )^,^^comment( data )^^\nAll of the data within the parentheses of the ^^comment^^ is exported as an HTML comment. Thus:\n	^^comment(This is a comment)^^ \nexports as an unseen HTML code comment as in:\n	&lt;-- This is a comment --&gt;,^^コメント(データ)^^\n^^コメント^^の括弧内のデータはすべて、HTML コメントとしてエクスポートされます。したがって:\n^^コメント(これはコメントです)^^\n次のように、目に見えない HTML コード コメントとしてエクスポートします。\n&lt;-- これはコメントです --&gt;
"^descendants( [template][,N] )^","^^descendants^^\nTells Tinderbox to include the descendants of the current note (or agent) in the current web page using their default template file.\n^^descendants( template )^^\nTells Tinderbox to include the descendants of the current note (or agent) in the current Web page using the specified template file.\n^^descendants( template,N )^^\nTells Tinderbox to include only the first N descendants of the current note (or agent) with the specified template file. If N is used without a template, a comma must be placed before N. In finding N matches, the first branch is to its tip, then all siblings then recursing up branch #1's sub-branches before starting branch #2.\nTo export immediate children but not the children's descendants, see ^^children( template )^^. This replaces the old usage of ^^children^^.\n^^descendants^^ evaluates its template argument, allowing agents and containers to use expressions like\n	^^descendants(^^value($MyTemplate)^^)^^ \nThe HTMLDontExport settings of children are respected.",現在のノートのすべての子孫ノートを、指定したテンプレートで書き出します。
^directory( item )^,"^^directory^^\nExports the relative path for this web page's file from the top-level directory you selected for storing HTML files to this file (excluding the filename). This equates to $Container in HTML-exported name form.\nExample:\nFor the note exporting to ""/archives/May.html"", ^^directory(this)^^ generates ""archives/"".\nThe directory for this note is: ""^directory(this)^""\nThe location of the folder is described in the ^^path^^ article.",^^ディレクトリ^^\nこの Web ページのファイルの相対パスを、HTML ファイルを保存するために選択した最上位ディレクトリからこのファイルにエクスポートします (ファイル名を除く)。これは、HTML でエクスポートされた名前形式の $Container に相当します。\n例:\n「/archives/May.html」にエクスポートするノートの場合、^^directory(this)^^ により「archives/」が生成されます。\nこのメモのディレクトリは「^ディレクトリ(this)^」です。\nフォルダーの場所は ^^path^^ の記事に記載されています。
"^do( theMacro [,argument, anotherArgument, etc.] )^","^^do(theMacro)^^\nAllows you to use macros in HTML (and XML) export, where theMacro is a macro you have defined in Tinderbox.\n^^do(theMacro [,argument, anotherArgument])^^\nAllows you to use macros in HTML (and XML) export, where theMacro is a macro you have defined in Tinderbox; and argument and anotherArgument are additional arguments that can be passed to the macro.\nThere are no limits, within sensible reason, to the number of arguments that may be supplied.\nRead about macros for usage details.\nInternally, the do() operator may be used.\nUnlike do(), and specifically in the context of export, ^^do^^ will evaluate inline export code within the macro's code.\n^^do^^ accepts the theMacro argument as a quoted string (to meet current action code usage for string data).","^^do(マクロ)^^\nHTML (および XML) エクスポートでマクロを使用できるようにします。ここで、Macro は、Tinderbox で定義したマクロです。\n^^do(theMacro [,argument, anotherArgument])^^\nHTML (および XML) エクスポートでマクロを使用できるようにします。ここで、Macro は Tinderbox で定義したマクロです。and argument と anotherArgument は、マクロに渡すことができる追加の引数です。\n合理的な理由の範囲内では、指定できる引数の数に制限はありません。\n使用法の詳細については、マクロについてお読みください。\n内部的には do() 演算子が使用される場合があります。\ndo() とは異なり、特にエクスポートのコンテキストでは、^^do^^ はマクロのコード内のインライン エクスポート コードを評価します。\n^^do^^ は、theMacro 引数を引用符で囲まれた文字列として受け入れます (文字列データに対する現在のアクション コードの使用状況を満たすため)。"
^docTitle^,"^^docTitle^^\nThe name of the Tinderbox document (i.e. the OS filename). The '.tbx' file extension is omitted if present.\nNote that this data cannot be retrieved using action code.\nThe ^^docTitle^^ of this TBX file is: ""^docTitle^"".",^^ドキュメントのタイトル^^\nTinderbox ドキュメントの名前 (つまり、OS ファイル名)。「.tbx」ファイル拡張子は、存在する場合は省略されます。\nこのデータはアクション コードを使用して取得できないことに注意してください。\nこの TBX ファイルの ^^docTitle^^ は、「^docTitle^」です。
^documentCloud( [count] )^,"^^documentCloud( [count] )^^\nThis provides an HTML interface to the information displayed in the Get Info dialog's words tab. Here the scope is the whole TBX document. It displays the 100 most common words in the note, omitting stop words (there may be fewer words if there are fewer valid words in scope). The words are wrapped in  tags to permit the most common words to be displayed in a larger font; the tags used may be customised through the new attributes HTMLCloud1Start/End, HTMLCloud2Start/End, etc.\n^^documentCloud^^ takes one optional arguments:\n* count. This specifies the maximum number of common words to be displayed.\nExamples:\n	^^documentCloud^^ \n	^^documentCloud(50)^^ \nSee also ^^cloud^^, ^^sectionCloud^^ \nBelow is the output from ^^documentCloud(25)^^. Note that ideally it should be placed in some form of HTML container rather than be allowed to spread across the page otherwise the visual impact is lost. Here anyway is the ^^documentCloud(25)^^ 'raw' output:\n^documentCloud(25)^",^^documentCloud( [カウント] )^^\nこれにより、「情報を見る」ダイアログの「単語」タブに表示される情報への HTML インターフェイスが提供されます。ここでのスコープは TBX ドキュメント全体です。メモ内の最も一般的な 100 個の単語が表示され、ストップ ワードは省略されます (範囲内の有効な単語が少ない場合は、単語の数が少なくなる可能性があります)。最も一般的な単語を大きなフォントで表示できるように、単語はタグで囲まれています。使用されるタグは、新しい属性 HTMLCloud1Start/End、HTMLCloud2Start/End などを使用してカスタマイズできます。\n^^documentCloud^^ は、オプションの引数を 1 つ受け取ります。\n* 数えます。表示する一般的な単語の最大数を指定します。\n例:\n^^ドキュメントクラウド^^\n^^ドキュメントクラウド(50)^^\n「^^クラウド^^」、「^^セクションクラウド^^」も参照してください。\n以下は ^^documentCloud(25)^^ からの出力です。理想的には、ページ全体に分散させるのではなく、何らかの形式の HTML コンテナーに配置する必要があることに注意してください。そうしないと、視覚的なインパクトが失われます。とにかく、ここに ^^documentCloud(25)^^ '生' 出力を示します。\n^ドキュメントクラウド(25)^
^else^,"^^else^^\nIf the condition specified in ^^if( condition )^^ is not true, then export everything from the ^^else^^ statement to the ^^endif^^.\nThus:\n	^^if($Width>5)^^The $Width is greater than 5.^^else^^The $Width is 5.0 or less.^^endIf^^ \n…which, depending on the outcome exports out either the string ""The $Width is greater than 5."" or the string ""The $Width is 5.0 or less.""\nNote there is no extended branching form, such as an 'else if' method. For that, nest further ^^if()^^ tests in the negative result branch (i.e. after the ^^else^^).",^if^タグの条件が偽（false）だった場合に書き出すブロックを開始します。
^endIf^,^^endIf^^\nIndicates the end of the alternatives indicated by the ^^if( condition)^^ statement. This closing statement is not mandatory if there is no ^^else^^ branch to the resulting actions. Thus the following are acceptable alternatives:\n	^^if(condition)^^do stuff[end of template line auto-closes code] \n	^^if(condition)^^do stuff^^endIf^^ \nFor the next test a closing ^^endIf^^ is mandatory:\n	^^if(condition)^^do stuff^^else^^do other stuff^^endIf^^,^if^ブロックの終了を示します。
^file( item )^,"^^file( item )^^\nThe filename of the file for the web page for an item (i.e. note). This is the combination of $HTMLExportFileName plus $HTMLExportExtension. If no item is supplied, it defaults to value of 'this'. If HTMLExportFileName is not manually set it is created dynamically at export from $Name, with the filename varying according to the length set in $HTMLFileNameMaxLength (for aTbRef it is currently set to: ^value($HTMLFileNameMaxLength)^).\nThe export filename of this note (^^file^^) is: ""^file^"". \nThe export filename of note ""HTMLExportBefore"" (^^file(HTMLExportBefore)^^) is: ""^file(HTMLExportBefore)^"". \nBut see that '^^value($HTMLExportFileName+"" + ""+$HTMLExportExtension)^^' gives: '^value($HTMLExportFileName+"" + ""+$HTMLExportExtension)^' ← note the missing filename! The latter problem occurs as $HTMLExportFileName is not evaluated until export.","^^ファイル(アイテム)^^\nアイテム (メモなど) の Web ページのファイルのファイル名。これは、$HTMLExportFileName と $HTMLExportExtension の組み合わせです。項目が指定されていない場合は、デフォルトの値「this」が使用されます。HTMLExportFileName が手動で設定されていない場合、$Name からのエクスポート時に動的に作成され、ファイル名は $HTMLFileNameMaxLength に設定された長さに応じて変化します (aTbRef の場合、現在は ^value($HTMLFileNameMaxLength)^ に設定されています)。\nこのメモ (^^file^^) のエクスポート ファイル名は、「^file^」です。\n注記「HTMLExportBefore」(^^file(HTMLExportBefore)^^) のエクスポート ファイル名は「^file(HTMLExportBefore)^」です。\nただし、'^^value($HTMLExportFileName+"" + ""+$HTMLExportExtension)^^' は次のようになります: '^value($HTMLExportFileName+"" + ""+$HTMLExportExtension)^' ← ファイル名が欠落していることに注意してください。後者の問題は、$HTMLExportFileName がエクスポートされるまで評価されないために発生します。"
^host^,"^^host^^\nThe host of the site of this web page. This is derived from the URL (Web server) setting in the HTML pane of document Preferences. \nThe ^^host^^ value for this TBX file is: ""^host^"" (i.e. nothing). In this document it is not defined but were it defined for the site's normal domain it would return ""https://atbref.com""",^^ホスト^^\nこの Web ページのサイトのホスト。これは、ドキュメントの環境設定の HTML ペインの URL (Web サーバー) 設定から派生します。\nこの TBX ファイルの ^^host^^ 値は、「^host^」 (つまり、何もありません) です。このドキュメントでは定義されていませんが、サイトの通常のドメインに対して定義されている場合は、「https://atbref.com」が返されます。
^if( condition )^,"^^if( condition )^^\n^^if( condition )^^ ^^endIf^^\n^^if( condition )^^ ^^else^^ ^^endIf^^\nTest the condition, resolving to a true or false result:\n* if the condition is true, then include everything from the ^^if()^^ statement to the next ^^else^^ or the next ^^endif^^. \n* if the condition is false, then include nothing, or if an ^^else^^ branch is offered, include everything after the next ^^else^^ statement up to the next ^^end^^.\nThough an ^^endIf^^ closing marker is not mandatory, users—especially if new to export code—are advised to add one as it gives more clarity as to the end of the output of a true match to condition. If the ^^else^^/^^endIf^^ mark-up is omitted the text following the closing )^^ of the if tag of the condition is returned up to the end of the current line/paragraph (i.e. up to the next line break in the template source code).\nUnlike in very early versions of the app—e.g. in old examples, the condition statement is a query written in action code (essentially the same syntax as if writing an if() action test. For example, \n	^^if($Name.contains(""tbx""))^^Matched 'tbx' string.^^endIf^^ \n…is true if the note's title contains the string ""tbx"", and exports the string ""Matched 'tbx' string."". For a reversed test:\n	^^if(!$Name.contains(""tbx""))^^No matched 'tbx' string.^^endIf^^ \n…is true if the note's title does not contain the string ""tbx"", and exports the string ""No matched 'tbx' string."". For a numerical test:\n	^^if($Width>5)^^The $Width is greater than 5.^^endIf^^ \n…is true if the note's width exceeds 5.0 and exports out the string ""The $Width is greater than 5.""\nFor the first two examples above the value matched can be an actual string or a regular expression.\nUsing an ^^else^^ logic branch, different information can be exported for true and for false condition matches. Thus:\n	^^if($Width>5)^^The $Width is greater than 5.^^else^^The $Width is 5.0 or less.^^endIf^^ \n…which, depending on the outcome exports out either the string ""The $Width is greater than 5."" or the string ""The $Width is 5.0 or less.""\nIn the ^^if^^ condition, the condition query is always evaluated in the context of this note.\nNote there is no extended branching form, such as an 'else if' method. For that, nest further ^^if()^^ tests in the negative result branch (i.e. after the ^^else^^).",指定された条件（アクションコード式のクエリ）を評価します。真（true）の場合、その後のコード（または^else^まで）が書き出されます。
"^inboundBasicLinks( [start, list-item-prefix, list-item-suffix, end, type] )^","^^inboundBasicLinks( [""start"", ""list-item-prefix"", ""list-item-suffix"", ""end"", ""type""] )^^\nreturns all of the notes that have a basic (note-level) link to the current note, formatted as an unordered list, excluding prototype links.\nThe optional arguments allow you to format the group of links as an HTML list or table in the exact format you want, where start is text that will be inserted before all of the links, end is text that will be inserted after all of the links, list-item-prefix is text that will be inserted before each link, and list-item-suffix is text that will be inserted after each link. The type argument restricts the scope of link inclusion and is discussed separately below. See more on altering list type or other HTML output.\nIf the optional start, list-item-prefix, list-item-suffix, end arguments are omitted then the default values of &lt;ul&gt;, &lt;li&gt;, &lt;/li&gt;, &lt;/ul&gt; are used.\nThe optional fifth argument, type, lets you restrict exported lists to specific link types, as in the named types seen in the TBX's Link Types palette. type my be omitted but if you do wish to use it, the preceding 4 arguments must all be specified. \n For example:\n	^^inboundBasicLinks(""&lt;ul>"",""&lt;li>"",""&lt;/li>"",""&lt;/ul>"",""example"")^^ \nwill list only inbound links of type ""example"". As the type argument is a regular expression, besides specifying a particular link type name, you can specify wildcard characters or lists of eligible link types, etc.\n	^^inboundBasicLinks(""&lt;ul>"",""&lt;li>"",""&lt;/li>"",""&lt;/ul>"",""(example|untitled)"")^^ \nwill list links of the types ""untitled"" and ""example"".\nAlso see ^^inboundLinks^^, ^^inboundTextLinks^^. The logical opposite of this code is ^^outboundBasicLinks^^.\nThis code exports CSS class and target based on their underlying Tinderbox link values, assuming these are actually completed; the link type value is not picked up as a class name.\nIf there is more than one inbound link from the same source, said link is only listed once.\nNew item objects source and destination may be used to indicate from where data used within the arguments is drawn.\nThe export is relative to current rather than this, facilitating work with included files.\nFrom v11.0.0, the operator's list output omits notes that are not exported.","^^inboundBasicLinks( [""開始"", ""リスト項目プレフィックス"", ""リスト項目サフィックス"", ""終了"", ""タイプ""] )^^\n現在のノートへの基本的な (ノート レベルの) リンクを持つすべてのノートを、プロトタイプ リンクを除き、順序なしリストとしてフォーマットして返します。\nオプションの引数を使用すると、リンクのグループを希望どおりの形式の HTML リストまたはテーブルとして書式設定できます。start はすべてのリンクの前に挿入されるテキスト、end はすべてのリンクの後に挿入されるテキスト、list-item-prefix は各リンクの前に挿入されるテキスト、list-item-suffix は各リンクの後に挿入されるテキストです。type 引数は、リンクを含める範囲を制限します。これについては、以下で個別に説明します。リスト タイプまたはその他の HTML 出力の変更の詳細を参照してください。\nオプションの start、list-item-prefix、list-item-suffix、end 引数が省略された場合、デフォルト値の &lt;ul&gt;、&lt;li&gt;、&lt;/li&gt;、&lt;/ul&gt; が使用されます。が使用されています。\nオプションの 5 番目の引数 type を使用すると、TBX のリンク タイプ パレットに表示される名前付きタイプのように、エクスポートされるリストを特定のリンク タイプに制限できます。type は省略できますが、これを使用したい場合は、前述の 4 つの引数をすべて指定する必要があります。\nたとえば:\n^^inboundBasicLinks(""&lt;ul>"",""&lt;li>"",""&lt;/li>"",""&lt;/ul>"",""example"")^^\n「example」タイプのインバウンドリンクのみをリストします。type 引数は正規表現であるため、特定のリンク タイプ名を指定するほかに、ワイルドカード文字や適格なリンク タイプのリストなどを指定できます。\n^^inboundBasicLinks(""&lt;ul>"",""&lt;li>"",""&lt;/li>"",""&lt;/ul>"",""(example|untitled)"")^^\n「無題」および「例」タイプのリンクがリストされます。\n「^^inboundLinks^^」、「^^inboundTextLinks^^」も参照してください。このコードの論理的に反対のコードは ^^outboundBasicLinks^^ です。\nこのコードは、基礎となる Tinderbox リンク値に基づいて CSS クラスとターゲットをエクスポートします。これらが実際に完了していると仮定します。リンク タイプの値はクラス名として選択されません。\n同じソースからのインバウンドリンクが複数ある場合、そのリンクは 1 回だけリストされます。\n新しい項目オブジェクトのソースと宛先は、引数内で使用されるデータがどこから取り出されるかを示すために使用できます。\nエクスポートはこれではなく現在に相対的なものであるため、含まれているファイルの作業が容易になります。\nv11.0.0 以降、オペレーターのリスト出力では、エクスポートされないメモが省略されます。"
"^inboundLinks( [start, list-item-prefix, list-item-suffix, end] )^","^^inboundLinks( [""start"", ""list-item-prefix"", ""list-item-suffix"", ""end""] )^^\nreturns all of the notes that have basic links to the current note, formatted as an unordered list, except prototype links. The logical counterpart of this code is ^^outboundLinks^^. This code does not include inbound text links; unlike the case with ^^basicLinks^^ (where such links are in the body text and arguable already 'listed'), there is no method to include inbound text links in the overall inbound link list. There is no single code to list all inbound links.\nIf the optional start, list-item-prefix, list-item-suffix, end arguments are omitted then the default values of &lt;ul&gt;, &lt;li&gt;, &lt;/li&gt;, &lt;/ul&gt; are used.\nThis allows you to format the group of links as an HTML list or table in the exact format you want, where ""start"" is quoted text that will be inserted before all of the links, ""end"" is text that will be inserted after all of the links, ""list-item-prefix"" is text that will be inserted before each link, and ""list-item-suffix"" is text that will be inserted after each link. See more on altering list type or other HTML output.\nMark-up elements embedded in ^^inboundLinks^^ are evaluated.\nExported links use the CSS class and target based on their underlying Tinderbox link values, if one is specified; the link type value is not picked up as a class name.\nNote that unlike other link in/outbound link codes this code and ^^outboundLinks^^ do not offer an option link type filter.\nItem objects source and destination may be used in expressions to indicate from where data used within the expression's arguments is drawn.\nOriginals and aliases export their own basic links (i.e. aliases can differ), but if an alias has no in/outbound basic links it will export those of the original.\nAlso see ^^inboundBasicLinks^^, ^^inboundTextLinks^^.\nThe export is relative to current rather than this, facilitating work with included files.\nFrom v11.0.0, the operator's list output omits notes that are not exported.","^^inboundLinks( [""開始"", ""リスト項目プレフィックス"", ""リスト項目サフィックス"", ""終了""] )^^\n現在のノートへの基本リンクを持つすべてのノートを、プロトタイプ リンクを除き、順序なしリストとしてフォーマットして返します。このコードの論理的な対応物は ^^outboundLinks^^ です。このコードには受信テキスト リンクは含まれません。^^basicLinks^^ の場合 (そのようなリンクが本文中にあり、既に「リストされている」と議論できる場合) とは異なり、受信テキスト リンクを全体の受信リンク リストに含める方法はありません。すべてのインバウンドリンクをリストする単一のコードはありません。\nオプションの start、list-item-prefix、list-item-suffix、end 引数が省略された場合、デフォルト値の &lt;ul&gt;、&lt;li&gt;、&lt;/li&gt;、&lt;/ul&gt; が使用されます。が使用されています。\nこれにより、リンクのグループを希望する正確な形式の HTML リストまたはテーブルとして書式設定できます。ここで、「start」はすべてのリンクの前に挿入される引用符で囲まれたテキスト、「end」はすべてのリンクの後に挿入されるテキスト、「list-item-prefix」は各リンクの前に挿入されるテキスト、「list-item-suffix」は各リンクの後に挿入されるテキストです。リスト タイプまたはその他の HTML 出力の変更の詳細を参照してください。\n^^inboundLinks^^ に埋め込まれたマークアップ要素が評価されます。\nエクスポートされたリンクは、基になる Tinderbox リンク値 (指定されている場合) に基づいて CSS クラスとターゲットを使用します。リンク タイプの値はクラス名として選択されません。\n他のリンクイン/アウトバウンドリンクコードとは異なり、このコードと ^^outboundLinks^^ はオプションのリンクタイプフィルターを提供しないことに注意してください。\n項目オブジェクトのソースと宛先を式で使用して、式の引数内で使用されるデータがどこから抽出されるかを示すことができます。\nオリジナルとエイリアスは独自の基本リンクをエクスポートします (つまり、エイリアスは異なる場合があります) が、エイリアスにイン/アウトバウンド基本リンクがない場合は、オリジナルの基本リンクがエクスポートされます。\n「^^inboundBasicLinks^^」、「^^inboundTextLinks^^」も参照してください。\nエクスポートはこれではなく現在に相対的なものであるため、含まれているファイルの作業が容易になります。\nv11.0.0 以降、オペレーターのリスト出力では、エクスポートされないメモが省略されます。"
"^inboundTextLinks( [start, list-item-prefix, list-item-suffix, end, type] )^","^^inboundTextLinks( [""start"", ""list-item-prefix"", ""list-item-suffix"", ""end"", ""type""] )^^\nreturns all of the notes that have a text link (a link anchored in body text) to the current note, formatted as an unordered list, excluding prototype links.\nThe optional arguments allow you to format the group of links as an HTML list or table in the exact format you want, where start is text that will be inserted before all of the links, end is text that will be inserted after all of the links, list-item-prefix is text that will be inserted before each link, and list-item-suffix is text that will be inserted after each link. The type argument restricts the scope of link inclusion and is discussed separately below. See more on altering list type or other HTML output.\nIf the optional start, list-item-prefix, list-item-suffix, end arguments are omitted then the default values of &lt;ul&gt;, &lt;li&gt;, &lt;/li&gt;, &lt;/ul&gt; are used.\nThe optional fifth argument, type, lets you restrict exported lists to specific link types, as in the named types seen in the TBX's Link Types palette. type my be omitted but if you do wish to use it, the preceding 4 arguments must all be specified. For example:\n	^^inboundTextLinks(""&lt;ul>"",""&lt;li>"",""&lt;/li>"",""&lt;/ul>"",""example"")^^ \nwill list only inbound links of type ""example"". As the type argument is a regular expression, besides specifying a particular link type name, you can specify wildcard characters or lists of eligible link types, etc.\n	^^inboundTextLinks(""&lt;ul>"",""&lt;li>"",""&lt;/li>"",""&lt;/ul>"",""(example|untitled)"")^^ \nwill list links of the types ""untitled"" and ""example"".\nAlso see ^^inboundLinks^^, ^^inboundBasicLinks^^. The logical opposite of this code is ^^outboundTextLinks^^.\nThis code exports CSS class and target based on their underlying Tinderbox link values, assuming these are actually completed; the link type value is not picked up as a class name.\nIf there is more than one inbound link from the same source, said link is only listed once.\nNew item objects source and destination may be used to indicate from where data used within the arguments is drawn.\nThe export is relative to current rather than this, facilitating work with included files.\nFrom v11.0.0, the operator's list output omits notes that are not exported.","^^inboundTextLinks( [""開始"", ""リスト項目プレフィックス"", ""リスト項目サフィックス"", ""終了"", ""タイプ""] )^^\n現在のノートへのテキスト リンク (本文にアンカーされたリンク) を持つすべてのノートを、プロトタイプ リンクを除き、順序なしリストとしてフォーマットして返します。\nオプションの引数を使用すると、リンクのグループを希望どおりの形式の HTML リストまたはテーブルとして書式設定できます。start はすべてのリンクの前に挿入されるテキスト、end はすべてのリンクの後に挿入されるテキスト、list-item-prefix は各リンクの前に挿入されるテキスト、list-item-suffix は各リンクの後に挿入されるテキストです。type 引数は、リンクを含める範囲を制限します。これについては、以下で個別に説明します。リスト タイプまたはその他の HTML 出力の変更の詳細を参照してください。\nオプションの start、list-item-prefix、list-item-suffix、end 引数が省略された場合、デフォルト値の &lt;ul&gt;、&lt;li&gt;、&lt;/li&gt;、&lt;/ul&gt; が使用されます。が使用されています。\nオプションの 5 番目の引数 type を使用すると、TBX のリンク タイプ パレットに表示される名前付きタイプのように、エクスポートされるリストを特定のリンク タイプに制限できます。type は省略できますが、これを使用したい場合は、前述の 4 つの引数をすべて指定する必要があります。たとえば:\n^^inboundTextLinks(""&lt;ul>"",""&lt;li>"",""&lt;/li>"",""&lt;/ul>"",""example"")^^\n「example」タイプのインバウンドリンクのみをリストします。type 引数は正規表現であるため、特定のリンク タイプ名を指定するほかに、ワイルドカード文字や適格なリンク タイプのリストなどを指定できます。\n^^inboundTextLinks(""&lt;ul>"",""&lt;li>"",""&lt;/li>"",""&lt;/ul>"",""(example|untitled)"")^^\n「無題」および「例」タイプのリンクがリストされます。\n「^^inboundLinks^^」、「^^inboundBasicLinks^^」も参照してください。このコードの論理的に反対のコードは ^^outboundTextLinks^^ です。\nこのコードは、基礎となる Tinderbox リンク値に基づいて CSS クラスとターゲットをエクスポートします。これらが実際に完了していると仮定します。リンク タイプの値はクラス名として選択されません。\n同じソースからのインバウンドリンクが複数ある場合、そのリンクは 1 回だけリストされます。\n新しい項目オブジェクトのソースと宛先は、引数内で使用されるデータがどこから取り出されるかを示すために使用できます。\nエクスポートはこれではなく現在に相対的なものであるため、含まれているファイルの作業が容易になります。\nv11.0.0 以降、オペレーターのリスト出力では、エクスポートされないメモが省略されます。"
"^include( ^value(item|group)^[, ^value(template)^] )^","^^include( ^^value(item|group)^^ )^^\nA more generalised way to understand this operator is:\n^^include( which note(s), optionally using which template )^^\nThe first argument resolves to telling Tinderbox where it should look for the note(s) to process. The second argument uses that note's assigned export template or the optionally suppled template is used instead. It thus allows a different export template to be used to render the data returned via ^^include^^. \nThis can be a useful method to export (parts of) a note in different ways via different template - but all from the same source note.\n^^include( ^^value(item|group)^^ )^^\nIncludes a single item or a group (i.e. list) of notes, using their default export template(s), in the web page for the current note. Note the requirement for the argument to be placed within a ^^value()^^ code, or else only incorrect.\nThe item or group scope may also be set from an attribute holding a list of paths, a list-based variable or the returned value of a function.\n^^include( ^^value(item)^^, ^^value(template)^^ )^^\nThe item behaviour is as above but now Tinderbox uses the specified export template passed via template rather than each item's assigned/inherited export template.\n^^include( ^^value(group)^^, ^^value(template)^^ )^^\nThe same applies for group scope, but the same template is applied separately to each group list item.\nAn example of using a template argument is given further below.\nSyntax for single item\nA quoted string literal can be used to specify a single item:\n	^^include(^^value(""a note"")^^)^^ \nIf the item is being assembled via a simple expressions such as string concatenation, an additional ^^value()^^ wrapper is needed to ensure the value passed to ^^include()^^ is an actual string or list:\n	^^include(^^value(""Some""+"" note"")^^)^^ → include calls the note ""Some note""\nIf a stored attribute value is used :\n	^^include(^^value($MyString)^^)^^ \n	^^include^^value(($MyString(""Some note""))^^)^^ \nIn both cases above, $MyString must hold a single note's $Name or its full $Path value, oo $IDString (a Number-type could hold an $ID). Or else, here using a string-type variable 'vString':\n	^^include(^^value(vString)^^)^^ \nSyntax for multi-item group\nA literal group reference via a literal list:\n	^^include(^^value([a note;another note])^^)^^ \nIf using an attribute with group scope:\n	^^include(^^value($MyList)^^)^^ \n	^^include(^^value($MyList(""Another note""))^^)^^ \nExpressions that resolve to either item or group scope must also use a ^^value()^^ wrapper. The most common use with an expression is a find():\n	^^include(^^value(find(inside(Some note)))^^)^^ \n	^^include(^^value(find($Text.contains(""Nelson"")))^^)^^ \nUsing the Template optional argument\nThe optional second argument specifies the export template to use when including is evaluated. Why might this be needed? In the basic form above, the operator tells the HTML export process to include data from other note(s) into the data being created for the currently-processed note.\nBy default the nature of the included data is set via the target's export template (or the Tinderbox document's default export template). However, the most common use of an include is that only some data, e.g. just a few attributes or the text, are actually required. The template argument allows the user to specify a different, specific template for the inclusion task. template must be a valid template note in the current TBX document. \nThe template argument is evaluated. So, as with the item/group input, template can be specified as a literal string, a string value stored in an attribute or an expression that resolves to a literal string holding a template $Name or $Path. For example:\n	^^include(/colophon,^^value($MyTemplate)^^)^^ \nwould export the top-level note named ""colophon"" using the template named in $MyTemplate for the note currently being processed. (not 'colophon'!). In other words, $MyTemplate is referenced for the context of the note calling the ^^include()^^ and not the note referenced by item (i.e. the note at path '/colophon').\nThus it is possible to have both arguments parameterised, as in the following:\n	^^include(^^value($StringAttribute(ItemNameOrPath))^^,^^value($TemplateName)^^)^^ \nExamples of template use\nAn example to include attribute data: to get and include values of 3 attributes for 'a note', the process could call:\n	^^include(""a note"", ""3_attributes"")^^ \nWhere the template ""3_attributes"" has the template code:\n	^^value($FirstName)^^ ^^value($LastName)^^. Tel: ^^value($Phone)^^ \nOf course, the same values could also be called as ^^value($FirstName(""a note""))^^, etc., instead of using ^^include()^^. Choosing between the methods is a matter of style and the nature of the task.\nAn example of embedding only a note's  text. If the TBX's default export template generates a complete HTML page for note, then this code in Note A's text:\n	^^include(^^value(""Note B""))^^)^^ WRONG!\n…would nest a complete HTML page's coding inside the &lt;body> content of note A. A browser might cope, but this in not valid HTML use! Instead, it is necessary to specify a template that simply returns the relevant inline content markup: in this case ^^text^^ in a template called 'text-only'. The corrected include is:\n	^^include(^^value(""Note B""))^^,^^value(""text-only"")^^)^^\nNote: the value of template must resolve to a single template note. template may note be 'raw' export code (as some other operators may allow):\n	WRONG! ^^include(^^value(""Note B""))^^,^^value(""^^text^^"")^^)^^\nExport and links into included (transcluded) content\nIn is important to understand that Tinderbox will not generate HTML links for internal links that point to notes that are only exported via the ^^include()^^ method; consider linking to the note's (exported) parent note instead. The same implies to other forms of transclusive operator: e.g. ^^children()^^. Such links will not generate #in-page-anchor URLs. In other words, it is not possible, for exported pages to link to include-embedded content in other pages.\nLegacy Usage\nAlthough above it stipulates use of ^^value()^^ for both arguments in all cases, this is not strictly needed. The documentation is like this as it is very difficult for the novice or occasional user to guess if such an argument wrapper is truly needed. The default above will work regardless. Existing code that does not use ^^value()^^ will continue to work. Expert users who know where ^^value()^^ is not strictly necessary may continue to omit it. But canonical use is for ^^value()^^ enclosing each argument.",指定したノート（またはノートのグループ）を、指定したテンプレート（省略時はそのノートのデフォルトテンプレート）を使用して取り込みます。
"^indent( [data][, N] )^","^^indent( [data][, N] )^^\nExports the data as a string, repeated once for each ancestor of the currently exported note (i.e. the equivalent of $OutlineDepth-1 times), or N times if the latter is specified.\n^^indent^^\nExports a tab character for each ancestor of the currently exported note except root level, i.e. tab is the default indent if no data argument is supplied.\ndata. The number of times data or a tab is emitted is ($OutlineDepth-1); for aliases this is the alias' value and not that of the original.\nBy original intent, this code applied to the (HTML) source of the exported note, but depending on string used for data, this might affect the visual render. Whereas the default \t only affects the HTML, a data value of &amp;nbsp;&amp;nbsp; would insert two non-breaking spaced per tab that would render in the output.\nN. The default can be superseded by supplying an optional second argument N. N is evaluated so may either be a number or an expression, e.g. $OutlineDepth+3. This kind of thing is useful if trying to correctly indent source code and when the export 'base' is at a level other than the root of the TBX.\nIf the N argument is used, the data argument must also be supplied. To explicitly specify a tab, as in the normal default, use ""\t"", e.g. ^^indent(""\t"",6)^^.\nFor web use, tabs are ignored for white space so consider using one or more ""&amp;nbsp;"" space HTML entities as the data value.\nExamples\nIn the source TBX document this note is at Outline Depth ^value($OutlineDepth)^, so ^^indent(data)^^ will emit the data value ^value($OutlineDepth-1)^ times. Thus, if we use a hyphen as the indent's data value, you see:\n^indent(-)^Text indented with ^^indent(-)^^.\nIn the next example the on-screen text should be visibly indented three (non-proportional) spaces:\n^indent(""&nbsp;"")^Text indented with ^^indent(&amp;nbsp;)^^.\nNote how the visual HTML output of the next two examples is not visibly indented as tabs are not interpreted as white space mark-up in HTML, but are present in the HTML source:\n^indent^Text indented with ^^indent^^ (i.e. tab).\n^indent(""\t"",($OutlineDepth+4))^Text indented with tabs to outline level plus 4 (i.e. ^^value(eval($OutlineDepth+4))^^ tabs, thus ^value(eval($OutlineDepth+4))^ tabs)\nThus, if you view the HTML source for the page, you will see first of the two examples immediately above has output ^value($OutlineDepth)^ tabs. For the example following it, you will see ^value($OutlineDepth+4)^ tabs have been output; depending on the program viewing the source you may be able to 'see' these as tabs by moving the cursor through the source code with the arrow keys: you will see it jump from tab to tab.\nRoot level notes are not indented.","^^indent( [データ][, N] )^^\nデータを文字列としてエクスポートし、現在エクスポートされているノートの祖先ごとに 1 回 (つまり、$OutlineDepth-1 回に相当)、または後者が指定されている場合は N 回繰り返します。\n^^インデント^^\nルート レベルを除く、現在エクスポートされているノートの祖先ごとにタブ文字をエクスポートします。つまり、データ引数が指定されていない場合、タブがデフォルトのインデントになります。\nデータ。データまたはタブが出力される回数は ($OutlineDepth-1) です。エイリアスの場合、これはエイリアスの値であり、元の値ではありません。\n本来の意図により、このコードはエクスポートされたメモの (HTML) ソースに適用されますが、データに使用される文字列によっては、視覚的なレンダリングに影響を与える可能性があります。デフォルトの \t は HTML にのみ影響しますが、データ値 &amp;nbsp;&amp;nbsp; は HTML にのみ影響します。出力にレンダリングされるタブごとに 2 つの非改行スペースを挿入します。\nN。オプションの 2 番目の引数 N を指定すると、デフォルトを置き換えることができます。N は評価されるため、数値または式のいずれかになります。$アウトラインの深さ+3。この種の機能は、ソース コードを正しくインデントしようとする場合や、エクスポートの「ベース」が TBX のルート以外のレベルにある場合に便利です。\nN 引数を使用する場合は、data 引数も指定する必要があります。通常のデフォルトのようにタブを明示的に指定するには、「\t」を使用します。^^インデント(""\t"",6)^^。\nWeb で使用する場合、タブは空白として無視されるため、1 つ以上の「&amp;nbsp;」の使用を検討してください。データ値として HTML エンティティをスペース化します。\n例\nソース TBX ドキュメントでは、このノートはアウトラインの深さ ^value($OutlineDepth)^ にあるため、^^indent(data)^^ はデータ値 ^value($OutlineDepth-1)^ 回を出力します。したがって、インデントのデータ値としてハイフンを使用すると、次のようになります。\n^indent(-)^^^indent(-)^^ でインデントされたテキスト。\n次の例では、画面上のテキストが 3 つの (不均等な) スペースでインデントされていることがわかります。\n^indent(""&nbsp;"")^^^indent(&amp;nbsp;)^^ でインデントされたテキスト。\n次の 2 つの例の視覚的な HTML 出力は、タブが HTML の空白マークアップとして解釈されず、HTML ソース内に存在するため、目に見えてインデントされていないことに注意してください。\n^indent^^^indent^^ でインデントされたテキスト (つまり、タブ)。\n^indent(""\t"",($OutlineDepth+4))^アウトライン レベルにタブを加えて 4 つインデントされたテキスト (つまり、^^value(eval($OutlineDepth+4))^^ タブ、つまり ^value(eval($OutlineDepth+4))^ タブ)\nしたがって、ページの HTML ソースを表示すると、すぐ上の 2 つの例のうち最初の例に ^value($OutlineDepth)^ タブが出力されていることがわかります。これに続く例では、^value($OutlineDepth+4)^ タブが出力されたことがわかります。ソースを表示しているプログラムによっては、矢印キーを使用してソース コード内でカーソルを移動すると、これらをタブとして「見る」ことができる場合があります。タブからタブにジャンプしていることがわかります。\nルートレベルの音符はインデントされません。"
"^linkTo( item [, data] [,css class] )^","^^linkTo( item [, data] [,css class] )^^\nExports the data as the anchor text of a link to the web page corresponding to the designated item (or note). The data can be simply some text or another export function's result and may include HTML mark-up code. The data argument is optional, and if not used the name of the destination note is used. The item can be a named note, an item object or a path (e.g. /headlines/latest/). \nIf included, the css class element causes the HTML link output to include a class="""" attribute. \n^^linkTo()^^ exports links from included files relative to the current page.\nExample link to ""Colophon"": ^^linkTo(Colophon)^^ outputs '^linkTo(Colophon)^'\nSame but with a 'data' argument: ^^linkTo(Colophon,Read the Colophon)^^ outputs '^linkTo(Colophon,Read the Colophon)^' \nSame but with a 'data' and 'css class' argument: ^^linkTo(Colophon,Read the Colophon,xref)^^ outputs '^linkTo(Colophon,Read the Colophon,xref)^' \nTo get the relative URL of a note, use ^^url()^^.\nFrom v11.0.0, the operator's list output omits notes that are not exported.","^^linkTo( item [, data] [,css class] )^^\n指定した項目（またはメモ）に対応するWebページへのリンクのアンカーテキストとしてデータをエクスポートします。データは単なるテキストまたは別のエクスポート関数の結果であり、HTML マークアップ コードが含まれる場合があります。data 引数はオプションであり、使用しない場合は、宛先ノートの名前が使用されます。項目には、名前付きメモ、項目オブジェクト、またはパス (例: /headlines/latest/) を指定できます。\ncss クラス要素が含まれている場合、HTML リンク出力に class="""" 属性が含まれます。\n^^linkTo()^^ は、現在のページに関連する、含まれているファイルからのリンクをエクスポートします。\n「奥付」へのリンクの例: ^^linkTo(奥付)^^ 出力 '^linkTo(奥付)^'\n同じですが、「data」引数を使用します: ^^linkTo(奥付,奥付を読む)^^ 出力 '^linkTo(奥付,奥付を読む)^'\n同じですが、引数「data」と「css class」を使用します: ^^linkTo(奥付,奥付を読む,xref)^^ 出力 '^linkTo(奥付,奥付を読む,xref)^'\nメモの相対 URL を取得するには、^^url()^^ を使用します。\nv11.0.0 以降、オペレーターのリスト出力では、エクスポートされないメモが省略されます。"
^nextSibling^,^^nextSibling^^\nA simple Boolean test for whether the currently processed note has a next sibling (N.B. not always the original's next sibling) and that the sibling is exportable. This is useful for export context where differing output is required when the current note is the last sibling. The test of export state allows for siblings that may exist yet be set to not export: not testing this could otherwise give a false indication that there is more exportable sibling content.\nThis test also solves the problem of testing for siblings when exporting agent aliases or a sibling mix of originals and aliases.\nExample:\n	^^if(^^nextSibling^^)^^… \nThe test is analogous to testing nextSibling or lastSibling in an action code context.,^^次は兄弟^^\n現在処理されているノートに次の兄弟 (注意: オリジナルの次の兄弟であるとは限りません) があり、その兄弟がエクスポート可能であるかどうかの単純なブール テスト。これは、現在のノートが最後の兄弟である場合に異なる出力が必要なエクスポート コンテキストに役立ちます。エクスポート状態のテストでは、存在する可能性がある兄弟がエクスポートされないように設定されていることが許可されます。これをテストしないと、エクスポート可能な兄弟コンテンツがさらに存在するという誤った指示が与えられる可能性があります。\nこのテストは、エージェントのエイリアスまたはオリジナルとエイリアスの兄弟混合をエクスポートする際の兄弟のテストの問題も解決します。\n例:\n^^if(^^次兄弟^^)^^…\nこのテストは、アクション コード コンテキストでの nextSibling または lastSibling のテストに似ています。
^not(condition)^,"^^not(condition)^^\nIf the condition is true, ^^not(condition)^^ is false. This has limited usage, inside an ^^if(condition)^^ statement to reverse the boolean result of the test. For example:\n	^^if(^^nextSibling^^)^^Yes^^endIf^^ \nwill insert the text 'Yes' if there is a next, exportable, sibling. To reverse this it is possible to reverse the test and place the insertion in the logical 'else' branch:\n	^^if(^^nextSibling^^)^^^^else^^Yes^^endIf^^ \nBut use of ^^not()^^ can give more easily understandable code:\n	^^if(^^not(^^nextSibling^^)^^)^^Yes^^endIf^^ \nNote how the code wraps the condition inside the ^^if()^^.\nThe ^^not()^^ code should not be used for negating condition queries written fully in action code syntax. So do not use a mix like:\n	^^if(^^not($MyString=="""")^^)^^Yes^^endIf^^ \nInstead, use:\n	^^if($MyString!="""")^^Yes^^endIf^^ \nIn summary, this is a niche code that you should not expect to need except with export codes that are fixed boolean assessments and are being used in export code form in a condition argument. Most likely use is with testing ^^previousSibling^^ and ^^nextSibling^^ state.","^^ありません(条件)^^\n条件が true の場合、^^not(condition)^^ は false になります。これは、テストのブール結果を反転するための ^^if(condition)^^ ステートメント内での使用に制限されています。たとえば:\n^^if(^^次兄弟^^)^^はい^^endIf^^\n次のエクスポート可能な兄弟がある場合は、「はい」というテキストが挿入されます。これを逆にするには、テストを逆にして、論理 'else' 分岐に挿入を配置することができます。\n^^if(^^次の兄弟^^)^^^^else^^はい^^endIf^^\nただし、 ^^not()^^ を使用すると、より理解しやすいコードが得られます。\n^^if(^^not(^^next兄弟^^)^^)^^はい^^endIf^^\nコードが ^^if()^^ 内で条件をどのようにラップしているかに注目してください。\n^^not()^^ コードは、完全にアクション コード構文で記述された条件クエリの否定には使用しないでください。したがって、次のような混合物は使用しないでください。\n^^if(^^not($MyString=="""")^^)^^はい^^endIf^^\n代わりに、以下を使用します。\n^^if($MyString!="""")^^はい^^endIf^^\n要約すると、これは、固定ブール評価であり、条件引数のエクスポート コード形式で使用されるエクスポート コードを除き、必要としないニッチなコードです。最もよく使用されるのは、^^previousSibling^^ および ^^nextSibling^^ 状態のテストです。"
"^outboundBasicLinks( [start, list-item-prefix, list-item-suffix, end, type] )^","^^outboundBasicLinks( [""start"", ""list-item-prefix"", ""list-item-suffix"", ""end"", ""type""] )^^\nreturns an unordered list, excluding prototype links, to all of the notes to which the current note has basic (note-level) links.\nThe optional arguments allow you to format the group of links as an HTML list or table in the exact format you want, where start is text that will be inserted before all of the links, end is text that will be inserted after all of the links, list-item-prefix is text that will be inserted before each link, and list-item-suffix is text that will be inserted after each link. The type argument restricts the scope of link inclusion and is discussed separately below. See more on altering list type or other HTML output.\nIf the optional start, list-item-prefix, list-item-suffix, end arguments are omitted then the default values of &lt;ul&gt;, &lt;li&gt;, &lt;/li&gt;, &lt;/ul&gt; are used.\nThe optional fifth argument, type, lets you restrict exported lists to specific link types, as in the named types seen in the TBX's Link Types palette. type my be omitted but if you do wish to use it, the preceding 4 arguments must all be specified. For example:\n	^^outboundBasicLinks(""&lt;ul>"",""&lt;li>"",""&lt;/li>"",""&lt;/ul>"",""example"")^^ \nwill list only inbound links of type ""example"". As the type argument is a regular expression, besides specifying a particular link type name, you can specify wildcard characters or lists of eligible link types, etc.\n	^^outboundBasicLinks(""&lt;ul>"",""&lt;li>"",""&lt;/li>"",""&lt;/ul>"",""(example|untitled)"")^^ \nwill list links of the types ""untitled"" and ""example"".\nAlso see ^^outboundTextLinks^^, ^^outboundWebLinks^^. The logical opposite of this code is ^^inboundBasicLinks^^.\nThis code exports CSS class and target based on their underlying Tinderbox link values, assuming these are actually completed; the link type value is not picked up as a class name.\nNew item objects source and destination may be used to indicate from where data used within the arguments is drawn.\nThe export is relative to current rather than this, facilitating work with included files.\nFrom v11.0.0, the operator's list output omits notes that are not exported.","^^outboundBasicLinks( [""開始"", ""リスト項目プレフィックス"", ""リスト項目サフィックス"", ""終了"", ""タイプ""] )^^\n現在のノートに基本 (ノートレベル) リンクがあるすべてのノートへの、プロトタイプ リンクを除く順序なしリストを返します。\nオプションの引数を使用すると、リンクのグループを希望どおりの形式の HTML リストまたはテーブルとして書式設定できます。start はすべてのリンクの前に挿入されるテキスト、end はすべてのリンクの後に挿入されるテキスト、list-item-prefix は各リンクの前に挿入されるテキスト、list-item-suffix は各リンクの後に挿入されるテキストです。type 引数は、リンクを含める範囲を制限します。これについては、以下で個別に説明します。リスト タイプまたはその他の HTML 出力の変更の詳細を参照してください。\nオプションの start、list-item-prefix、list-item-suffix、end 引数が省略された場合、デフォルト値の &lt;ul&gt;、&lt;li&gt;、&lt;/li&gt;、&lt;/ul&gt; が使用されます。が使用されています。\nオプションの 5 番目の引数 type を使用すると、TBX のリンク タイプ パレットに表示される名前付きタイプのように、エクスポートされるリストを特定のリンク タイプに制限できます。type は省略できますが、これを使用したい場合は、前述の 4 つの引数をすべて指定する必要があります。たとえば:\n^^outboundBasicLinks(""&lt;ul>"",""&lt;li>"",""&lt;/li>"",""&lt;/ul>"",""example"")^^\n「example」タイプのインバウンドリンクのみをリストします。type 引数は正規表現であるため、特定のリンク タイプ名を指定するほかに、ワイルドカード文字や適格なリンク タイプのリストなどを指定できます。\n^^outboundBasicLinks(""&lt;ul>"",""&lt;li>"",""&lt;/li>"",""&lt;/ul>"",""(example|untitled)"")^^\n「無題」および「例」タイプのリンクがリストされます。\n^^outboundTextLinks^^、^^outboundWebLinks^^ も参照してください。このコードの論理的に反対のコードは ^^inboundBasicLinks^^ です。\nこのコードは、基礎となる Tinderbox リンク値に基づいて CSS クラスとターゲットをエクスポートします。これらが実際に完了していると仮定します。リンク タイプの値はクラス名として選択されません。\n新しい項目オブジェクトのソースと宛先は、引数内で使用されるデータがどこから取り出されるかを示すために使用できます。\nエクスポートはこれではなく現在に相対的なものであるため、含まれているファイルの作業が容易になります。\nv11.0.0 以降、オペレーターのリスト出力では、エクスポートされないメモが省略されます。"
"^outboundLinks( [start, list-item-prefix, list-item-suffix, end] )^","^^outboundLinks( [""start"", ""list-item-prefix"", ""list-item-suffix"", ""end""] )^^\nreturns all of the basic links from this note, formatted as an unordered list. The logical counterpart of this code is ^^inboundLinks^^. This replaces the now-deprecated ^^basicLinks^^, though the functionality is the same. This code does not include outbound text links on the presumption that these are already present in the output ^^text^^ of the note. There is no single code to list all outbound links.\nIf the optional start, list-item-prefix, list-item-suffix, end arguments are omitted then the default values of &lt;ul&gt;, &lt;li&gt;, &lt;/li&gt;, &lt;/ul&gt; are used.\nThis allows you to format the group of links as an HTML list or table in the exact format you want, where ""start"" is text that will be inserted before all of the links, ""end"" is text that will be inserted after all of the links, ""list-item-prefix"" is text that will be inserted before each link, and ""list-item-suffix"" is text that will be inserted after each link. See more on altering list type or other HTML output.\nExported links use the CSS class and target based on their underlying Tinderbox link values, if one is specified; the link type value is not picked up as a class name.\nMark-up elements embedded in ^^basicLinks^^ are evaluated.\nNote that unlike other link in/outbound link codes this code and ^^inboundLinks^^ do not offer an optional link type filter.\nItem objects source and destination may be used in expressions to indicate from where data used within the expression's arguments is drawn.\nOriginals and aliases export their own basic links (i.e. aliases can differ), but if an alias has no in/outbound basic links it will export those of the original.\nAlso see: ^^outboundBasicLinks^^, ^^outboundTextLinks^^ and ^^outboundWebLinks^^.\nThe export is relative to current rather than this, facilitating work with included files.\nFrom v11.0.0, the operator's list output omits notes that are not exported.","^^outboundLinks( [""開始"", ""リスト項目プレフィックス"", ""リスト項目サフィックス"", ""終了""] )^^\nこのメモからのすべての基本リンクを、順序なしリストとしてフォーマットして返します。このコードの論理的な対応物は ^^inboundLinks^^ です。これは現在非推奨になっている ^^basicLinks^^ に代わるものですが、機能は同じです。このコードには、ノートの出力 ^^text^^ にアウトバウンド テキスト リンクがすでに存在しているという前提で、アウトバウンド テキスト リンクは含まれていません。すべての送信リンクをリストする単一のコードはありません。\nオプションの start、list-item-prefix、list-item-suffix、end 引数が省略された場合、デフォルト値の &lt;ul&gt;、&lt;li&gt;、&lt;/li&gt;、&lt;/ul&gt; が使用されます。が使用されています。\nこれにより、リンクのグループを希望どおりの形式の HTML リストまたはテーブルとして書式設定できます。「start」はすべてのリンクの前に挿入されるテキスト、「end」はすべてのリンクの後に挿入されるテキスト、「list-item-prefix」は各リンクの前に挿入されるテキスト、「list-item-suffix」は各リンクの後に挿入されるテキストです。リスト タイプまたはその他の HTML 出力の変更の詳細を参照してください。\nエクスポートされたリンクは、基になる Tinderbox リンク値 (指定されている場合) に基づいて CSS クラスとターゲットを使用します。リンク タイプの値はクラス名として選択されません。\n^^basicLinks^^ に埋め込まれたマークアップ要素が評価されます。\n他のリンクイン/アウトバウンドリンクコードとは異なり、このコードと ^^inboundLinks^^ はオプションのリンクタイプフィルターを提供しないことに注意してください。\n項目オブジェクトのソースと宛先を式で使用して、式の引数内で使用されるデータがどこから抽出されるかを示すことができます。\nオリジナルとエイリアスは独自の基本リンクをエクスポートします (つまり、エイリアスは異なる場合があります) が、エイリアスにイン/アウトバウンド基本リンクがない場合は、オリジナルの基本リンクがエクスポートされます。\n^^outboundBasicLinks^^、^^outboundTextLinks^^、および ^^outboundWebLinks^^ も参照してください。\nエクスポートはこれではなく現在に相対的なものであるため、含まれているファイルの作業が容易になります。\nv11.0.0 以降、オペレーターのリスト出力では、エクスポートされないメモが省略されます。"
"^outboundTextLinks( [start, list-item-prefix, list-item-suffix, end, type] )^","^^outboundTextLinks( [""start"", ""list-item-prefix"", ""list-item-suffix"", ""end, ""type""] )^^\nreturns an unordered list, excluding prototype links, to all of the notes to which the current note has text links (links anchored in body text) and web links.\nThe optional arguments allow you to format the group of links as an HTML list or table in the exact format you want, where start is text that will be inserted before all of the links, end is text that will be inserted after all of the links, list-item-prefix is text that will be inserted before each link, and list-item-suffix is text that will be inserted after each link. The type argument restricts the scope of link inclusion and is discussed separately below. See more on altering list type or other HTML output.\nIf the optional start, list-item-prefix, list-item-suffix, end arguments are omitted then the default values of &lt;ul&gt;, &lt;li&gt;, &lt;/li&gt;, &lt;/ul&gt; are used.\nThe optional fifth argument, type, lets you restrict exported lists to specific link types, as in the named types seen in the TBX's Link Types palette. type my be omitted but if you do wish to use it, the preceding 4 arguments must all be specified. For example:\n	^^outboundTextLinks(""&lt;ul>"",""&lt;li>"",""&lt;/li>"",""&lt;/ul>"",""example"")^^ \nwill list only inbound links of type ""example"". As the type argument is a regular expression, besides specifying a particular link type name, you can specify wildcard characters or lists of eligible link types, etc.\n	^^outboundTextLinks(""&lt;ul>"",""&lt;li>"",""&lt;/li>"",""&lt;/ul>"",""(example|untitled)"")^^ \nwill list links of the types ""untitled"" and ""example"".\nThe is no option to show only the text links without the web links. However, careful use of different link types for text vs. web links would allow filtering via type.\nAlso see ^^outboundBasicLinks^^, ^^outboundWebLinks^^. The logical opposite of this code is ^^inboundTextLinks^^.\nThis code exports CSS class and target based on their underlying Tinderbox link values, assuming these are actually completed; the link type value is not picked up as a class name.\nNew item objects source and destination may be used to indicate from where data used within the arguments is drawn.\n^outboundTextLinks^ always uses the original note, even when this is an alias.\nThe export is relative to current rather than this, facilitating work with included files.\nFrom v11.0.0, the operator's list output omits notes that are not exported.","^^outboundTextLinks( [""開始"", ""リスト項目プレフィックス"", ""リスト項目サフィックス"", ""終了, ""タイプ""] )^^\n現在のノートにテキスト リンク (本文にアンカーされたリンク) と Web リンクがあるすべてのノートへの、プロトタイプ リンクを除く順序なしリストを返します。\nオプションの引数を使用すると、リンクのグループを希望どおりの形式の HTML リストまたはテーブルとして書式設定できます。start はすべてのリンクの前に挿入されるテキスト、end はすべてのリンクの後に挿入されるテキスト、list-item-prefix は各リンクの前に挿入されるテキスト、list-item-suffix は各リンクの後に挿入されるテキストです。type 引数は、リンクを含める範囲を制限します。これについては、以下で個別に説明します。リスト タイプまたはその他の HTML 出力の変更の詳細を参照してください。\nオプションの start、list-item-prefix、list-item-suffix、end 引数が省略された場合、デフォルト値の &lt;ul&gt;、&lt;li&gt;、&lt;/li&gt;、&lt;/ul&gt; が使用されます。が使用されています。\nオプションの 5 番目の引数 type を使用すると、TBX のリンク タイプ パレットに表示される名前付きタイプのように、エクスポートされるリストを特定のリンク タイプに制限できます。type は省略できますが、これを使用したい場合は、前述の 4 つの引数をすべて指定する必要があります。たとえば:\n^^outboundTextLinks(""&lt;ul>"",""&lt;li>"",""&lt;/li>"",""&lt;/ul>"",""example"")^^\n「example」タイプのインバウンドリンクのみをリストします。type 引数は正規表現であるため、特定のリンク タイプ名を指定するほかに、ワイルドカード文字や適格なリンク タイプのリストなどを指定できます。\n^^outboundTextLinks(""&lt;ul>"",""&lt;li>"",""&lt;/li>"",""&lt;/ul>"",""(example|untitled)"")^^\n「無題」および「例」タイプのリンクがリストされます。\nWeb リンクを表示せずにテキスト リンクのみを表示するオプションはありません。ただし、テキスト リンクと Web リンクで異なるリンク タイプを慎重に使用すると、タイプによるフィルタリングが可能になります。\n^^outboundBasicLinks^^、^^outboundWebLinks^^ も参照してください。このコードの論理的逆は ^^inboundTextLinks^^ です。\nこのコードは、基礎となる Tinderbox リンク値に基づいて CSS クラスとターゲットをエクスポートします。これらが実際に完了していると仮定します。リンク タイプの値はクラス名として選択されません。\n新しい項目オブジェクトのソースと宛先は、引数内で使用されるデータがどこから取り出されるかを示すために使用できます。\n^outboundTextLinks^ は、これがエイリアスである場合でも、常に元のメモを使用します。\nエクスポートはこれではなく現在に相対的なものであるため、含まれているファイルの作業が容易になります。\nv11.0.0 以降、オペレーターのリスト出力では、エクスポートされないメモが省略されます。"
"^outboundWebLinks( [start, list-item-prefix, list-item-suffix, end, type] )^","^^outboundWebLinks( [""start"", ""list-item-prefix"", ""list-item-suffix"", ""end"", ""type""] )^^\nreturns an unordered list, of all the web (i.e. external) links from the current note.\nThe optional arguments allow you to format the group of links as an HTML list or table in the exact format you want, where start is text that will be inserted before all of the links, end is text that will be inserted after all of the links, list-item-prefix is text that will be inserted before each link, and list-item-suffix is text that will be inserted after each link. The type argument restricts the scope of link inclusion and is discussed separately below. See more on altering list type or other HTML output.\nIf the optional start, list-item-prefix, list-item-suffix, end arguments are omitted then the default values of &lt;ul&gt;, &lt;li&gt;, &lt;/li&gt;, &lt;/ul&gt; are used.\nThe optional fifth argument, type, lets you restrict exported lists to specific link types, as in the named types seen in the TBX's Link Types palette. type my be omitted but if you do wish to use it, the preceding 4 arguments must all be specified. For example:\n	^^outboundWebLinks(""&lt;ul>"",""&lt;li>"",""&lt;/li>"",""&lt;/ul>"",""example"")^^ \nwill list only inbound links of type ""example"". As the type argument is a regular expression, besides specifying a particular link type name, you can specify wildcard characters or lists of eligible link types, etc.\n	 ^^outboundWebLinks(""&lt;ul>"",""&lt;li>"",""&lt;/li>"",""&lt;/ul>"",""(example|untitled)"")^^ \nwill list links of the types ""untitled"" and ""example"".\nAlso see ^^outboundBasicLinks^^, ^^outboundTextLinks^^. For self evident reasons, there is no inbound equivalent of this code.\nThis code exports CSS class and target based on their underlying Tinderbox link values, assuming these are actually completed; the link type value is not picked up as a class name.\nNew item objects source and destination may be used to indicate from where data used within the arguments is drawn.\nThe text anchor is the note anchor text; previously it was the document name).\n^^outboundWebLinks^^ always uses on the original note, even when this is an alias.\nThe export is relative to current rather than this, facilitating work with included files.\nFrom v11.0.0, the operator's list output omits notes that are not exported.","^^outboundWebLinks( [""開始"", ""リスト項目プレフィックス"", ""リスト項目サフィックス"", ""終了"", ""タイプ""] )^^\n現在のメモからのすべての Web (つまり外部) リンクの順序なしリストを返します。\nオプションの引数を使用すると、リンクのグループを希望どおりの形式の HTML リストまたはテーブルとして書式設定できます。start はすべてのリンクの前に挿入されるテキスト、end はすべてのリンクの後に挿入されるテキスト、list-item-prefix は各リンクの前に挿入されるテキスト、list-item-suffix は各リンクの後に挿入されるテキストです。type 引数は、リンクを含める範囲を制限します。これについては、以下で個別に説明します。リスト タイプまたはその他の HTML 出力の変更の詳細を参照してください。\nオプションの start、list-item-prefix、list-item-suffix、end 引数が省略された場合、デフォルト値の &lt;ul&gt;、&lt;li&gt;、&lt;/li&gt;、&lt;/ul&gt; が使用されます。が使用されています。\nオプションの 5 番目の引数 type を使用すると、TBX のリンク タイプ パレットに表示される名前付きタイプのように、エクスポートされるリストを特定のリンク タイプに制限できます。type は省略できますが、これを使用したい場合は、前述の 4 つの引数をすべて指定する必要があります。たとえば:\n^^outboundWebLinks(""&lt;ul>"",""&lt;li>"",""&lt;/li>"",""&lt;/ul>"",""example"")^^\n「example」タイプのインバウンドリンクのみをリストします。type 引数は正規表現であるため、特定のリンク タイプ名を指定するほかに、ワイルドカード文字や適格なリンク タイプのリストなどを指定できます。\n^^outboundWebLinks(""&lt;ul>"",""&lt;li>"",""&lt;/li>"",""&lt;/ul>"",""(example|untitled)"")^^\n「無題」および「例」タイプのリンクがリストされます。\n^^outboundBasicLinks^^、^^outboundTextLinks^^ も参照してください。自明の理から、このコードに相当するインバウンドコードはありません。\nこのコードは、基礎となる Tinderbox リンク値に基づいて CSS クラスとターゲットをエクスポートします。これらが実際に完了していると仮定します。リンク タイプの値はクラス名として選択されません。\n新しい項目オブジェクトのソースと宛先は、引数内で使用されるデータがどこから取り出されるかを示すために使用できます。\nテキスト アンカーはメモのアンカー テキストです。以前はドキュメント名でした)。\n^^outboundWebLinks^^ は、エイリアスであっても、常に元のノートで使用されます。\nエクスポートはこれではなく現在に相対的なものであるため、含まれているファイルの作業が容易になります。\nv11.0.0 以降、オペレーターのリスト出力では、エクスポートされないメモが省略されます。"
"^paragraphs( [item,] N )^","^^paragraphs( [item,] N )^^\nExports the first N paragraphs of the text of specified item (note). If item is not specified, ^^paragraphs( N )^^ equates to ^^paragraphs( this, N )^^.\nThis method effectively allows insertion of only part of ^^text^^ whilst using the same inline evaluations for mark-up.\nAlternatively, for unevaluated $Text excerpts use ^^value($Text.paragraphs(N))^^. See ^^value^^, String.paragraphs.","^^段落( [項目,] N )^^\n指定された項目 (注) のテキストの最初の N 段落をエクスポートします。item が指定されていない場合、 ^^paragraphs( N )^^ は ^^paragraphs( this, N )^^ と同じになります。\nこの方法では、マークアップに同じインライン評価を使用しながら、^^text^^ の一部のみを挿入することが効果的に許可されます。\nあるいは、未評価の $Text 抜粋の場合は、^^value($Text.paragraphs(N))^^ を使用します。^^value^^、String の段落を参照してください。"
^path[( item )]^,"^^path[( item )]^^\nExports the relative path for this web page's file from the top-level directory you selected for storing HTML files to this file (including the filename). This equates to $Path in HTML-exported name form. Optionally, item may be supplied, such as a note name^^path(some note)^^ or a designator ^^path(original)^^.\nThis note's ^^path^^ is: ""^path^"".\nThis note's ^^path(nextSibling)^^ is: ""^path(nextSibling)^"".\nHow is the (HTML) export directory set?\nThis is done via the Export To button on the Export Inspector.\nWhere is the export directory stored?\nThe folder's path is stored in the &lt;Preferences> part of the TBX's XML and is not accessible via action or export code. It can be (re-)set via the Export Inspector (as above).",^^パス[( アイテム )]^^\nこの Web ページのファイルの相対パスを、HTML ファイルを保存するために選択した最上位ディレクトリからこのファイルにエクスポートします (ファイル名を含む)。これは、HTML でエクスポートされた名前形式の $Path に相当します。オプションで、音符名 ^^path(some note)^^ や指定子 ^^path(original)^^ などの項目を指定できます。\nこのメモの ^^パス^^は「^パス^」です。\nこのノートの ^^path(nextSibling)^^ は、「^path(nextSibling)^」です。\n(HTML) エクスポート ディレクトリはどのように設定されますか?\nこれは、エクスポート インスペクターの [エクスポート先] ボタンを使用して実行します。\nエクスポートディレクトリはどこに保存されますか?\nフォルダーのパスは TBX の XML の <Preferences> 部分に保存されており、アクションやエクスポート コードからはアクセスできません。これは、(上記のように) エクスポート インスペクターを介して (再) 設定できます。
^previousSibling^,^^previousSibling^^\nA simple Boolean test for whether the currently processed note has a previous sibling (N.B. not always the original's previous sibling) and that the sibling is exportable. This is useful for export context where differing output is required when the current note is the first sibling. The test of export state allows for siblings that may exist yet be set to not export: not testing this could otherwise give a false indication that there is more exportable sibling content.\nThis test also solves the problem of testing for siblings when exporting agent aliases or a sibling mix of originals and aliases.\nExample:\n	^^if(^^previousSibling^^)^^… \nThe test is analogous to testing prevSibling or firstSibling in an action code context.,^^前兄弟^^\n現在処理されているノートに前の兄弟 (注意: オリジナルの前の兄弟であるとは限りません) があり、その兄弟がエクスポート可能であるかどうかの単純なブール テスト。これは、現在のノートが最初の兄弟である場合に異なる出力が必要なエクスポート コンテキストに役立ちます。エクスポート状態のテストでは、存在する可能性がある兄弟がエクスポートされないように設定されていることが許可されます。これをテストしないと、エクスポート可能な兄弟コンテンツがさらに存在するという誤った指示が与えられる可能性があります。\nこのテストは、エージェントのエイリアスまたはオリジナルとエイリアスの兄弟混合をエクスポートする際の兄弟のテストの問題も解決します。\n例:\n^^if(^^前の兄弟^^)^^…\nこのテストは、アクション コード コンテキストでの prevSibling または firstSibling のテストに似ています。
^randomChildOf( item )^,"^^randomChildOf( item, template )^^\nIncludes an export of a random child of the specified item or note through its default/specified template.\nInternally, the randomChild item object may be used.","^^randomChildOf( アイテム, テンプレート )^^\nデフォルト/指定されたテンプレートを使用した、指定された項目またはメモのランダムな子のエクスポートが含まれます。\n内部的には、randomChild item オブジェクトが使用される場合があります。"
^randomLine( item )^,"^^randomLine( item )^^\nScans the text of a designated item or note (or, if no argument is supplied, the current note). The text is split at paragraph breaks (e.g. carriage returns), and one line (i.e. paragraph) is chosen at random.\nHere is a random line from note ""Specimen text for test"":-\n^randomLine(Specimen text for test)^",^^ランダムライン(アイテム)^^\n指定された項目またはメモ (または、引数が指定されていない場合は、現在のメモ) のテキストをスキャンします。テキストは段落区切り（改行など）で分割され、1 行（つまり段落）がランダムに選択されます。\nこれはメモ「テスト用のサンプルテキスト」からのランダムな行です:-\n^randomLine(テスト用サンプルテキスト)^
^root^,"^^root^^\nReturns the relative path from the current notes's exported file to the directory that contains the cover page. The relative paths generated will still work during internal preview (i.e. without any export being generated).\nWhen concatenating ^^root^^ with a path, do not add a trailing (folder) slash as this is created as part of the ^^root^^ output. Thus use:\n	^^root^^images/icon.gif \n…and not…\n	^^root^^/images/icon.gif WRONG!\nNote that this is not necessarily the same as ^^root(this)^^, used in the case where a note (this) is embedded inside another note that is included in a page. \nThe ^^root^^ of this file's source note is: ^root^ (see your web browser's URL bar to see how this resolves in overall URL terms.).\nFor additional finer control of relative path calculation, consider use of ^^setRoot()^^.",サイトのルートディレクトリへの相対パスを書き出します。画像やCSSへのパス指定に便利です。
"^sectionCloud( [item, count] )^","^^sectionCloud( [item, count] )^^\nThis provides an HTML interface to the information displayed in the Get Info dialog's words tab. In this case the scope is 'section' (parent as indicated by item). It displays the 100 most common words in the note, omitting stop words (there may be fewer words if there are fewer valid words in scope). The words are wrapped in  tags to permit the most common words to be displayed in a larger font; the tags used may be customised through the new attributes HTMLCloud1Start/End, HTMLCloud2Start/End, etc.\nAliases are treated correctly—originally, aliases were ignored.\n^^sectionCloud^^ takes two optional arguments:\n* item. This refers to a specific note by name, path, or by an object keyword such as parent.\n* count. This specifies the maximum number of common words to be displayed.\nExamples:\n	^^sectionCloud^^ \n	^^ sectionCloud(this,60)^^ \n	^^ sectionCloud(/this/that/other/note)^^ \n	^^ sectionCloud(Interesting Note, 40)^^ \nSee also ^^cloud^^, ^^documentCloud^^","^^sectionCloud( [項目, 数] )^^\nこれにより、「情報を見る」ダイアログの「単語」タブに表示される情報への HTML インターフェイスが提供されます。この場合、スコープは「セクション」(項目で示される親) です。メモ内の最も一般的な 100 個の単語が表示され、ストップ ワードは省略されます (範囲内の有効な単語が少ない場合は、単語の数が少なくなる可能性があります)。最も一般的な単語を大きなフォントで表示できるように、単語はタグで囲まれています。使用されるタグは、新しい属性 HTMLCloud1Start/End、HTMLCloud2Start/End などを使用してカスタマイズできます。\nエイリアスは正しく処理されます。当初、エイリアスは無視されていました。\n^^sectionCloud^^ は 2 つのオプションの引数を取ります。\n*項目。これは、名前、パス、または親などのオブジェクト キーワードによって特定のメモを参照します。\n* 数えます。表示する一般的な単語の最大数を指定します。\n例:\n^^セクションクラウド^^\n^^セクションCloud(this,60)^^\n^^セクションクラウド(/this/that/other/note)^^\n^^セクションクラウド(興味深いメモ、40)^^\n「^^クラウド^^」、「^^ドキュメントクラウド^^」も参照してください。"
^sectionNumber( item )^,"^^sectionNumber( item )^^\nThe hierarchical number of the item (note) based on the present hierarchy and outline sort order (i.e. it changes if the source Tinderbox file layout is altered); a number such as 1.3.2 is the second grandchild of the third child of the first top level note. It is the $SiblingOrder number of each ancestor joined by periods.\nIf item is omitted, e.g. used as ^^sectionNumber^^, the number exported is that of the current note and is equivalent to ^^sectionNumber(this)^^\nIf trying to do calculations based on this data, bear in mind that adornments, although not shown outside Map view, number as the last sibling in the level on whose Map they appear.\nThe ^^sectionNumber^^ of this page's source note is: ""^sectionNumber(this)^"".\nOr use ^^value(if($OutlineDepth >1){collect(ancestor,$SiblingOrder).reverse.format(""."")+"".""+$SiblingOrder;}else{$SiblingOrder};)^^ giving: ^value(if($OutlineDepth >1){collect(ancestor,$SiblingOrder).reverse.format(""."")+"".""+$SiblingOrder;}else{$SiblingOrder};)^","^^セクション番号(項目)^^\n現在の階層とアウトラインの並べ替え順序に基づいたアイテムの階層番号 (メモ) (つまり、ソース Tinderbox ファイルのレイアウトが変更されると変更されます)。1.3.2 などの数値は、最初の最上位ノートの 3 番目の子の 2 番目の孫です。これは、各祖先の $SiblingOrder 番号をピリオドで結合したものです。\n項目が省略された場合、例:^^sectionNumber^^ として使用され、エクスポートされる番号は現在のノートの番号であり、^^sectionNumber(this)^^ と同等です。\nこのデータに基づいて計算を実行しようとする場合、装飾品は、マップ ビューの外には表示されませんが、マップ上に表示されるレベルの最後の兄弟として番号が付けられることに留意してください。\nこのページのソース ノートの ^^sectionNumber^^ は、「^sectionNumber(this)^」です。\nまたは、^^value(if($OutlineDepth >1){collect(ancestor,$SiblingOrder).reverse.format(""."")+"".""+$SiblingOrder;}else{$SiblingOrder};)^^ を使用して、次のようにします: ^value(if($OutlineDepth)>1){collect(ancestor,$SiblingOrder).reverse.format(""."")+"".""+$SiblingOrder;}else{$SiblingOrder};)^"
^setRoot( [newRoot] )^,"^^setRoot( [newRoot] )^^\nThe ^^root^^ code (see) normally exports the relative path from a note to the top level of the Tinderbox document. This is valuable for defining relative paths, especially in macros. But in some cases you may want a relative path in one page (an HTML page, say) and an absolute link in another (an RSS feed, where relative links may be forbidden).\nThus, the export element \n	^^setRoot(newRoot)^^\ntells Tinderbox to use its first argument (newRoot) as the value of ^^root^^ until either\n	• another ^^setRoot^^ is found.\n	• the current file being exported is complete.\nTo restore relative URLs, use ^^setRoot()^^ with no arguments.\nFor example:\n	^^setRoot(https://example.com/)^^ \nUsing ^^setRoot()^^ to set the logical host or root path for a page affects not only ^^root^^ but also ^^url^^, ^^childLinks^^, and ^^basicLinks^^.",^^setRoot( [newRoot] )^^\n^^root^^ コード (参照) は通常、メモから Tinderbox ドキュメントの最上位への相対パスをエクスポートします。これは、特にマクロで相対パスを定義する場合に役立ちます。ただし、場合によっては、あるページ (HTML ページなど) では相対パスを使用し、別のページ (相対リンクが禁止されている RSS フィードなど) では絶対リンクが必要になる場合があります。\nしたがって、export 要素は\n^^setRoot(newRoot)^^\n次のいずれかになるまで、最初の引数 (newRoot) を ^^root^^ の値として使用するように Tinderbox に指示します。\n• 別の ^^setRoot^^ が見つかりました。\n• エクスポート中の現在のファイルが完了しました。\n相対 URL を復元するには、引数なしで ^^setRoot()^^ を使用します。\nたとえば:\n^^setRoot(https://example.com/)^^\n^^setRoot()^^ を使用してページの論理ホストまたはルート パスを設定すると、^^root^^ だけでなく、^^url^^、^^childLinks^^、および ^^basicLinks^^ にも影響します。
"^siblings( [start, list-item-prefix, list-item-suffix, end] )^","^^siblings( [""start"", ""list-item-prefix"", ""list-item-suffix"", ""end""] )^^\nreturns links to all the siblings of this note, i.e. the other children of the note's parent. Output is formatted in a single line, with colons between the elements.\nIf the optional start, list-item-prefix, list-item-suffix, end arguments are omitted then the default values of &lt;ul&gt;, &lt;li&gt;, &lt;/li&gt;, &lt;/ul&gt; are used. See more on altering list type or other HTML output.\nThis allows you to format the group of links as an HTML list or table in the exact format you want, where ""start"" is text that will be inserted before all of the links, ""end"" is text that will be inserted after all of the links, ""list-item-prefix"" is text that will be inserted before each link, and ""list-item-suffix"" is text that will be inserted after each link.\nThe $HTMLDontExport settings of siblings are respected.\nMark-up elements embedded in ^^siblings^^ are evaluated.\nExported links use the CSS class and target based on their underlying Tinderbox link values, if one is specified; the link type value is not picked up as a class name.\nItem objects source and destination may be used in expressions to indicate from where data used within the expression's arguments is drawn.\nThe export is relative to current rather than this, facilitating work with included files.\nFrom v11.0.0, the operator's list output omits notes that are not exported.","^^siblings( [""開始"", ""リスト項目プレフィックス"", ""リスト項目サフィックス"", ""終了""] )^^\nこのノートのすべての兄弟、つまりノートの親の他の子へのリンクを返します。出力は要素間にコロンを入れて 1 行でフォーマットされます。\nオプションの start、list-item-prefix、list-item-suffix、end 引数が省略された場合、デフォルト値の &lt;ul&gt;、&lt;li&gt;、&lt;/li&gt;、&lt;/ul&gt; が使用されます。が使用されています。リスト タイプまたはその他の HTML 出力の変更の詳細を参照してください。\nこれにより、リンクのグループを希望どおりの形式の HTML リストまたはテーブルとして書式設定できます。「start」はすべてのリンクの前に挿入されるテキスト、「end」はすべてのリンクの後に挿入されるテキスト、「list-item-prefix」は各リンクの前に挿入されるテキスト、「list-item-suffix」は各リンクの後に挿入されるテキストです。\n兄弟の $HTMLDontExport 設定が尊重されます。\n^^siblings^^ に埋め込まれたマークアップ要素が評価されます。\nエクスポートされたリンクは、基になる Tinderbox リンク値 (指定されている場合) に基づいて CSS クラスとターゲットを使用します。リンク タイプの値はクラス名として選択されません。\n項目オブジェクトのソースと宛先を式で使用して、式の引数内で使用されるデータがどこから抽出されるかを示すことができます。\nエクスポートはこれではなく現在に相対的なものであるため、含まれているファイルの作業が容易になります。\nv11.0.0 以降、オペレーターのリスト出力では、エクスポートされないメモが省略されます。"
"^similarTo( item, count[, start, list-item-prefix, list-item-suffix, end] )^","^^similarTo( ""item"", count[, ""start"", ""list-item-prefix"", ""list-item-suffix"", ""end""] )^^\nThe HTML Export element ^^similarTo^^ locates notes that appear similar to a given note.\nThe query will find up to count notes, but may find fewer, and exports a list of notes it finds. The count argument is not evaluated so must be stated as a value and not an expression.\nBasic form, returning links to the 10 most similar notes:\n	^^similarTo(""this"",10)^^ \nThe longer form is only needed if it is desired to use non-default list HTML mark-up or include extra per-item captioning. If one of the option input is specified, all the others must also be, even if only as the default value(s).\nIf the optional start, list-item-prefix, list-item-suffix, end arguments are omitted then the default values of &lt;ul&gt;, &lt;li&gt;, &lt;/li&gt;, &lt;/ul&gt; are used. See more on altering list type or other HTML output.\nThe code must be used in $Text or directly in a template. If used in a code include to a template, the links generated will have incorrect relative paths.\nSimilarity is based on several factors, including:\n* the text of the note\n* the note title\n* any text contained in user attributes\nIn addition, weighting is applied for:\n* notes having the same prototype\n* notes having roughly similar amounts of text\nThe results are based on the same logic as the similar tab of the Get Info dialog. The same matching is also available as an action similarTo().\nNew item objects source and destination may be used with list/item inputs to indicate from where data used within such inputs are drawn.\nThe export is relative to current rather than this, facilitating work with included files.\nFrom v11.0.0, the operator's list output omits notes that are not exported.","^^similarTo( ""item"", count[, ""start"", ""list-item-prefix"", ""list-item-suffix"", ""end""] )^^\nHTML エクスポート要素 ^^similarTo^^ は、特定のメモに似ているメモを見つけます。\nクエリは最大 count 個のノートを検索しますが、それよりも少ない数のノートが見つかる可能性があり、見つかったノートのリストをエクスポートします。count 引数は評価されないため、式ではなく値として指定する必要があります。\n基本的な形式。最も類似した 10 件のメモへのリンクを返します。\n^^similarTo(""this"",10)^^\n長い形式は、デフォルト以外のリスト HTML マークアップを使用する場合、または追加の項目ごとのキャプションを含める場合にのみ必要です。オプション入力の 1 つが指定されている場合は、たとえデフォルト値としてのみであっても、他のすべても指定する必要があります。\nオプションの start、list-item-prefix、list-item-suffix、end 引数が省略された場合、デフォルト値の &lt;ul&gt;、&lt;li&gt;、&lt;/li&gt;、&lt;/ul&gt; が使用されます。が使用されています。リスト タイプまたはその他の HTML 出力の変更の詳細を参照してください。\nコードは $Text 内で使用するか、テンプレート内で直接使用する必要があります。テンプレートへのコード インクルードで使用すると、生成されたリンクの相対パスが正しくなくなります。\n類似性は、次のようないくつかの要因に基づいています。\n* メモのテキスト\n* ノートのタイトル\n* ユーザー属性に含まれる任意のテキスト\nさらに、重み付けは以下に適用されます。\n* 同じプロトタイプを持つノート\n* ほぼ同じ量のテキストを含むメモ\n結果は、「情報を見る」ダイアログの同様のタブと同じロジックに基づいています。同じマッチングは、similarTo() アクションとしても使用できます。\n新しい項目オブジェクトのソースと宛先をリスト/項目入力とともに使用して、そのような入力内で使用されるデータがどこから抽出されるかを示すことができます。\nエクスポートはこれではなく現在に相対的なものであるため、含まれているファイルの作業が容易になります。\nv11.0.0 以降、オペレーターのリスト出力では、エクスポートされないメモが省略されます。"
"^text( [item, N, plain] )^","^^text( [item][, N] [, plain])^^\nThe body (text and graphics) of the item or note, i.e. includes any existing mark-up. If a note name is not specified, 'this' is assumed as the focus. The parentheses my be omitted if no arguments are supplied.\n^^text^^ exports the current note\n^^text(this)^^ exports the current note\n^^text(/Tasks/Task1)^^ exports the $Text of note at path '/Tasks/Task1'\n^^text(""Task2"")^^ exports the $Text of note 'Task2'\nItem can also be a string attribute holding a path or title of a note. Thus if $MyString has the value ""Task2""\n^^text($MyString"")^^ exports the $Text of note 'Task2'\nIf the note only contains an image, the image's tag () is exported.\nAlternative usages…\nN words of $Text\nThe first N words of the text of the item or note, where N is a number (N.B. item must be specified too). Here the first 5 words of the current note's HTML-rendered $Text are inserted:\n^^text(this, 5)^^ \nAlternatively, the first N words of the text of the item or note, without added HTML mark-up and where N is a number (again note that item must be supplied). Here the first 10 words of the current note's un-rendered $Text are inserted:\n^^text(this, 10, plain )^^ \nPlain text export\nIf no HTML text mark-up is required. This inserts the $Text of the current note without any added HTML mark-up codes\n^^text(this, plain )^^ \nN.B. The 'plain' option is still subject to the effects of $HTMLQuoteHTML and $HTMLMarkupText. For instance, if the latter is true, then the phrase ""This & that."" will get exported as ""This &amp;amp; that."" which might not be as intended, e.g. if exporting via runCommand(). \nAlternatively, to get the text of the note, totally untouched by other processes (such as $HTMLQuoteHTML), use ^^value($Text)^^ which is effectively the same as ^^text(this, plain)^^.",ノートの本文（$Text）を書き出します。特定の段落数(N)のみや、プレーンテキストとしての出力も可能です。
^title( [item] )^,"^^title( [item] )^^\nThe title of the item or the current note if not specified note. The value is the same as the Name attribute, but using HTML entities where appropriate (see below for plain text export). The parentheses my be omitted if no arguments are supplied.\nThe ^^title^^ of this page is: ""^title^"".\nThe ^^title^^ of note ""Conditional Mark-up"" (using code ^^title(""Conditional Mark-up"")^^) is: ""^title(Conditional Mark-up)^"".\nExport and HTML entities\nTo avoid the use of HTML entities when exporting a note's title use the ^^value()^^ code:\n^^value($Name)^^ \nwhich for this note renders as: ""^value($Name)^"".",ノートのタイトル（$Name）を書き出します。HTMLエンティティが適切に処理されます。
^url( item )^,"^^url( item )^^\nThe relative URL of the exported HTML web page for the item. The URL of an alias to a note is the URL attribute of that note's original. It is effectively ^^host^^ + ^^path^^ + ^^file(note)^^.\nDo not confuse this with ^^value(URL)^^ which will return the content of the note's URL field.\n^^url(this)^^ will return the relative path from the current page to the page the included note creates when it is exported. If the note is not exported, but only appears on included pages, ^^url(this)^^ is undefined.\nAs ^^url()^^ only supplies the 'href' argument value for an HTML link, if you want to customise your link, e.g. by setting a CSS class argument, you can do that in the template rather than needing to do so in the TB code itself.\n^^url(this)^^ gives a relative path from the current page to the note; by comparison, ^^path(this) gives the path from the top level of the site to the note. Thus:\n	^^url(BorderBevel)^^ gives: ""^url(BorderBevel)^"". \n	^^path(BorderBevel)^^ gives: ""^path(BorderBevel)^"". \n	^^url(this)^^ gives: ""^url(this)^"".\n	^^path(this)^^ gives: ""^path(this)^"".\nTo make a deliberate 'manual' HTML link to another note see ^^linkTo()^^.\nFrom v11.0.0, the operator's list output omits notes that are not exported.",エクスポートされるHTMLページへの相対URLを書き出します。
^value(expression)^,"^^value(expression)^^\nThe argument to ^^value^^ is an expression, a value that could be assigned to an attribute. ^^value^^ evaluates the expression and exports the result, as a string (some data types may also require the format() operator too). This allows manipulations for export use without needing to, for instance, hold the value in a user attribute first. \n^^value^^ is a more flexible replacement version of the deprecated codes ^^get^^ and ^^getFor^^ but which still allows the called attribute's value to be manipulated. For example:\n	^^value($Width)^^ \nexports the width of the current note. To export that attribute value for a different note (than in current scope) use action code style offset addressing. So, to call the value of $Width for ""Some Other Note"" rather than from the currently-processed note, use:\n	^^value($Width(""Some Other Note""))^^ \n Examples\nNumber-type data:\n	^^value(sqrt($Width))^^ gives: ""^value(sqrt($Width))^"".\n	^^value(sqrt($Width).format(2))^^ gives: ""^value(sqrt($Width).format(2))^"".\nString-type data:\n	^^value(""$Name: ""+$Name(parent))^^ gives: ""^value(""$Name: ""+$Name(parent))^"".\n	^^value($Name(parent)+"":""+$Name)^^ gives: ""^value($Name(parent)+"":""+$Name)^"".\nNote that ^^value($Text)^^ equates to ^^text(plain)^^.\nColor-type data:\n	^^value($AccentColor)^^ gives: ""^value($AccentColor)^"".\n	^^value(format($AccentColor))^^ gives: ""^value(format($AccentColor))^"".\n	^^value($AccentColor.format())^^ gives: ""^value($AccentColor.format())^"".\nDate-type data:\n	^^value($Created)^^ gives: ""^value($Created)^"".\n	^^value(format($Created,""l h:mm""))^^ gives: ""^value(format($Created,""l h:mm""))^"".\n	^^value($Created.format(""l h:mm""))^^ gives: ""^value($Created.format(""l h:mm""))^"".\n	^^value(format($Created,""l""))^^ gives: ""^value(format($Created,""l""))^"".\n	^^value($Created.format(""l""))^^ gives: ""^value($Created.format(""l""))^"".\n	^^value(format($Created,""*""))^^ gives: ""^value(format($Created,""*""))^"".\n	^^value($Created.format(""*""))^^ gives: ""^value($Created.format(""*""))^"".\nN.B. Unformatted Date-type data returns the host OS' local ""short date"" format plus time (in hh:mm form). For the aTbRef author's UK-locale OS that equates to a format string of ""l h:mm"" but it may vary for other OS locales. However, a date format string must be given if format() is used, whilst .format() at least gives some output:\n	^^value(format($Created))^^ gives: ""^value(format($Created))^"" (no date format string supplied!).\n	^^value($Created.format())^^ gives: ""^value($Created.format())^"" (no date format string supplied!).\nSee also ^^action ( action )^^ usage which allows action code to be run during export.\nAnother useful aspect of ^^value^^ is that it gives access during export  to 'raw' attribute data without any process. That is why there is the reference above to some data types needing use of format(). The upside of this raw state is attributes like HTMLMarkupText and HTMLQuoteHTML have no effect; unlike older versions non-ASCII are not encoded. If using the HTML Export process to generate/export formats other than HTML or if accessing the command line it is often necessary to use different forms of escaping. These different outputs can be achieved by using the action code formatting operators within the ^^value()^^ call. For exporting $Text, in HTML format, ^^text^^ will give a better result but for other export formats ^^value($Text)^^ may suffice.\nPassing variables into export code\n^^value()^^ can be used, within the context a single template, to insert a var() variable declared within an ^^action()^^ code. Note that the variable must be declared before use, i.e. before as in reading template code top to bottom.\nReplacing deprecated export codes\n^^value()^^ replaces both the deprecated ^^get()^^ and ^^getFor()^^ codes. ^^get()^^ maps to ^^value($SomeAttribute)^^ and ^^getFor()^^ maps to offset use ^^value($SomeAttribute(""Some Other Note))^^. If existing documents use the older codes they will work for the present but it is highly recommended updating them to use ^^value()^^ instead.",指定した式を評価して、その結果を文字列として書き出します。属性の値や、計算結果、連結された文字列などを出力する際に使用します。
^version^,"^^version^^\nThe version number of Tinderbox used to create this web page. The number is exported as a string without a prefix, i.e. ""4.6.0"" not ""v4.6.0"".\nNote that this data cannot be retrieved using action code.\nThe ^^version^^ for this file is: ""^version^"".",^^バージョン^^\nこの Web ページの作成に使用された Tinderbox のバージョン番号。番号はプレフィックスのない文字列としてエクスポートされます。つまり、「v4.6.0」ではなく「4.6.0」です。\nこのデータはアクション コードを使用して取得できないことに注意してください。\nこのファイルの ^^バージョン^^は「^バージョン^」です。
